
2025-04-23T04:39:45.753Z [INFO]: Loaded command: refresh
2025-04-23T04:39:45.758Z [INFO]: Loaded command: play
2025-04-23T04:39:45.760Z [INFO]: Loaded command: disablecommand
2025-04-23T04:39:45.764Z [INFO]: Đang đăng ký 3 lệnh với Discord API...
2025-04-23T04:39:46.460Z [INFO]: Đã đăng ký thành công 3 lệnh với Discord API
2025-04-23T04:39:46.461Z [INFO]: Total 0 events loaded.
2025-04-23T04:39:46.463Z [INFO]: Initializing Lavalink with config:
2025-04-23T04:39:51.475Z [INFO]: Nodes count: 0
2025-04-23T04:39:51.475Z [INFO]: Node states after timeout: No nodes
2025-04-23T04:39:51.476Z [INFO]: Lavalink handler initialized
2025-04-23T04:39:51.476Z [INFO]: Command handler initialized
2025-04-23T04:39:51.476Z [INFO]: Event handler initialized
2025-04-23T04:39:51.476Z [INFO]: Bot is starting...
2025-04-23T04:39:52.556Z [INFO]: Bot logged in as Machine Lux#4690
2025-04-23T04:39:53.066Z [INFO]: Bot is ready as Machine Lux#4690
2025-04-23T04:40:14.489Z [ERROR]: Uncaught exception: Unhandled error. ('localhost')
2025-04-23T04:41:09.673Z [INFO]: Loaded command: refresh
2025-04-23T04:41:09.679Z [INFO]: Loaded command: play
2025-04-23T04:41:09.680Z [INFO]: Loaded command: disablecommand
2025-04-23T04:41:09.683Z [INFO]: Đang đăng ký 3 lệnh với Discord API...
2025-04-23T04:41:10.269Z [INFO]: Đã đăng ký thành công 3 lệnh với Discord API
2025-04-23T04:41:10.270Z [INFO]: Total 0 events loaded.
2025-04-23T04:41:10.270Z [INFO]: Initializing Lavalink with config:
2025-04-23T04:41:15.276Z [INFO]: Nodes count: 0
2025-04-23T04:41:15.276Z [INFO]: Node states after timeout: No nodes
2025-04-23T04:41:15.276Z [INFO]: Lavalink handler initialized
2025-04-23T04:41:15.277Z [INFO]: Command handler initialized
2025-04-23T04:41:15.277Z [INFO]: Event handler initialized
2025-04-23T04:41:15.277Z [INFO]: Bot is starting...
2025-04-23T04:41:16.603Z [INFO]: Bot logged in as Machine Lux#4690
2025-04-23T04:41:17.201Z [INFO]: Bot is ready as Machine Lux#4690
2025-04-23T04:41:17.206Z [ERROR]: Uncaught exception: Unhandled error. ('localhost')
2025-04-23T04:41:46.587Z [INFO]: Loaded command: refresh
2025-04-23T04:41:46.591Z [INFO]: Loaded command: play
2025-04-23T04:41:46.593Z [INFO]: Loaded command: disablecommand
2025-04-23T04:41:46.596Z [INFO]: Đang đăng ký 3 lệnh với Discord API...
2025-04-23T04:41:47.155Z [INFO]: Đã đăng ký thành công 3 lệnh với Discord API
2025-04-23T04:41:47.156Z [INFO]: Total 0 events loaded.
2025-04-23T04:41:47.157Z [INFO]: Initializing Lavalink with config:
2025-04-23T04:41:52.166Z [INFO]: Nodes count: 0
2025-04-23T04:41:52.167Z [INFO]: Node states after timeout: No nodes
2025-04-23T04:41:52.168Z [INFO]: Lavalink handler initialized
2025-04-23T04:41:52.168Z [INFO]: Command handler initialized
2025-04-23T04:41:52.169Z [INFO]: Event handler initialized
2025-04-23T04:41:52.169Z [INFO]: Bot is starting...
2025-04-23T04:41:53.179Z [INFO]: Bot logged in as Machine Lux#4690
2025-04-23T04:41:53.720Z [INFO]: Bot is ready as Machine Lux#4690
2025-04-23T04:41:53.907Z [INFO]: Lavalink Node localhost is ready!
2025-04-23T04:41:53.907Z [INFO]: Lavalink connection established - resolving initialize
2025-04-23T04:43:46.241Z [INFO]: Found 1 nodes
2025-04-23T04:43:46.241Z [INFO]: Node Unknown state: 2
2025-04-23T04:43:46.241Z [INFO]: Node Unknown details: {"connected":false,"state":2}
2025-04-23T04:43:46.242Z [INFO]: Selected node Unknown with state: 2
2025-04-23T04:43:46.245Z [ERROR]: Error executing play: node.rest.loadTracks is not a function
2025-04-23T04:51:42.975Z [INFO]: Loaded command: refresh
2025-04-23T04:51:42.981Z [INFO]: Loaded command: play
2025-04-23T04:51:42.985Z [INFO]: Loaded command: disablecommand
2025-04-23T04:51:42.988Z [INFO]: Đang đăng ký 3 lệnh với Discord API...
2025-04-23T04:51:43.614Z [INFO]: Đã đăng ký thành công 3 lệnh với Discord API
2025-04-23T04:51:43.614Z [INFO]: Total 0 events loaded.
2025-04-23T04:51:43.615Z [INFO]: Initializing Lavalink with config:
2025-04-23T04:51:48.622Z [INFO]: Nodes count: 0
2025-04-23T04:51:48.623Z [INFO]: Node states after timeout: No nodes
2025-04-23T04:51:48.623Z [INFO]: Lavalink handler initialized
2025-04-23T04:51:48.624Z [INFO]: Command handler initialized
2025-04-23T04:51:48.624Z [INFO]: Event handler initialized
2025-04-23T04:51:48.624Z [INFO]: Bot is starting...
2025-04-23T04:51:49.761Z [INFO]: Bot logged in as Machine Lux#4690
2025-04-23T04:51:50.367Z [INFO]: Bot is ready as Machine Lux#4690
2025-04-23T04:51:50.388Z [INFO]: Lavalink Node localhost is ready!
2025-04-23T04:51:50.389Z [INFO]: Lavalink connection established - resolving initialize
2025-04-23T04:52:02.838Z [INFO]: Found 1 nodes
2025-04-23T04:52:02.838Z [INFO]: Node Unknown state: 2
2025-04-23T04:52:02.839Z [INFO]: Node Unknown details: {"connected":false,"state":2}
2025-04-23T04:52:02.839Z [INFO]: Selected node Unknown with state: 2
2025-04-23T04:52:03.664Z [ERROR]: Error executing play: Cannot read properties of undefined (reading 'length')
2025-04-23T04:53:02.145Z [INFO]: Loaded command: refresh
2025-04-23T04:53:02.149Z [INFO]: Loaded command: play
2025-04-23T04:53:02.151Z [INFO]: Loaded command: disablecommand
2025-04-23T04:53:02.153Z [INFO]: Đang đăng ký 3 lệnh với Discord API...
2025-04-23T04:53:02.706Z [INFO]: Đã đăng ký thành công 3 lệnh với Discord API
2025-04-23T04:53:02.707Z [INFO]: Total 0 events loaded.
2025-04-23T04:53:02.708Z [INFO]: Initializing Lavalink with config:
2025-04-23T04:53:07.718Z [INFO]: Nodes count: 0
2025-04-23T04:53:07.718Z [INFO]: Node states after timeout: No nodes
2025-04-23T04:53:07.718Z [INFO]: Lavalink handler initialized
2025-04-23T04:53:07.719Z [INFO]: Command handler initialized
2025-04-23T04:53:07.719Z [INFO]: Event handler initialized
2025-04-23T04:53:07.719Z [INFO]: Bot is starting...
2025-04-23T04:53:08.802Z [INFO]: Bot logged in as Machine Lux#4690
2025-04-23T04:53:09.168Z [INFO]: Bot is ready as Machine Lux#4690
2025-04-23T04:53:09.177Z [INFO]: Lavalink Node localhost is ready!
2025-04-23T04:53:09.178Z [INFO]: Lavalink connection established - resolving initialize
2025-04-23T04:53:21.589Z [INFO]: Found 1 nodes
2025-04-23T04:53:21.589Z [INFO]: Node Unknown state: 2
2025-04-23T04:53:21.589Z [INFO]: Node Unknown details: {"connected":false,"state":2}
2025-04-23T04:53:21.589Z [INFO]: Selected node Unknown with state: 2
2025-04-23T04:57:45.077Z [INFO]: Found 1 nodes
2025-04-23T04:57:45.078Z [INFO]: Node Unknown state: 2
2025-04-23T04:57:45.078Z [INFO]: Node Unknown details: {"connected":false,"state":2}
2025-04-23T04:57:45.078Z [INFO]: Selected node Unknown with state: 2
2025-04-23T05:32:45.324Z [INFO]: Found 1 nodes
2025-04-23T05:32:45.324Z [INFO]: Node Unknown state: 2
2025-04-23T05:32:45.324Z [INFO]: Node Unknown details: {"connected":false,"state":2}
2025-04-23T05:32:45.324Z [INFO]: Selected node Unknown with state: 2
2025-04-23T05:36:45.618Z [INFO]: Found 1 nodes
2025-04-23T05:36:45.619Z [INFO]: Node Unknown state: 2
2025-04-23T05:36:45.619Z [INFO]: Node Unknown details: {"connected":false,"state":2}
2025-04-23T05:36:45.619Z [INFO]: Selected node Unknown with state: 2
2025-04-23T14:02:12.360Z [INFO]: Loaded command: refresh
2025-04-23T14:02:12.364Z [INFO]: Loaded command: play
2025-04-23T14:02:12.368Z [INFO]: Loaded command: disablecommand
2025-04-23T14:02:12.370Z [INFO]: Đang đăng ký 3 lệnh với Discord API...
2025-04-23T14:02:13.117Z [INFO]: Đã đăng ký thành công 3 lệnh với Discord API
2025-04-23T14:02:13.118Z [INFO]: Total 0 events loaded.
2025-04-23T14:02:13.119Z [INFO]: Initializing Lavalink with config:
2025-04-23T14:02:18.123Z [INFO]: Nodes count: 0
2025-04-23T14:02:18.123Z [INFO]: Node states after timeout: No nodes
2025-04-23T14:02:18.124Z [INFO]: Lavalink handler initialized
2025-04-23T14:02:18.124Z [INFO]: Command handler initialized
2025-04-23T14:02:18.124Z [INFO]: Event handler initialized
2025-04-23T14:02:18.125Z [INFO]: Bot is starting...
2025-04-23T14:02:19.370Z [INFO]: Bot logged in as Machine Lux#4690
2025-04-23T14:02:19.785Z [INFO]: Bot is ready as Machine Lux#4690
2025-04-23T14:02:19.868Z [INFO]: Lavalink Node localhost is ready!
2025-04-23T14:02:19.868Z [INFO]: Lavalink connection established - resolving initialize
2025-04-23T14:02:52.040Z [INFO]: Found 1 nodes
2025-04-23T14:02:52.040Z [INFO]: Node Unknown state: 2
2025-04-23T14:02:52.041Z [INFO]: Node Unknown details: {"connected":false,"state":2}
2025-04-23T14:02:52.041Z [INFO]: Selected node Unknown with state: 2
2025-04-28T06:55:21.982Z [INFO]: Loaded command: refresh
2025-04-28T06:55:21.994Z [INFO]: Loaded command: setup-autorole
2025-04-28T06:55:21.995Z [INFO]: Loaded command: setup-goodbye
2025-04-28T06:55:21.996Z [INFO]: Loaded command: setup-welcome
2025-04-28T06:55:21.998Z [INFO]: Loaded command: play
2025-04-28T06:55:22.000Z [INFO]: Loaded command: disablecommand
2025-04-28T06:55:22.004Z [INFO]: Đang đăng ký 6 lệnh với Discord API...
2025-04-28T06:55:22.625Z [INFO]: Đã đăng ký thành công 6 lệnh với Discord API
2025-04-28T06:58:03.771Z [INFO]: Loaded command: refresh
2025-04-28T06:58:03.786Z [INFO]: Loaded command: setup-autorole
2025-04-28T06:58:03.787Z [INFO]: Loaded command: setup-goodbye
2025-04-28T06:58:03.788Z [INFO]: Loaded command: setup-welcome
2025-04-28T06:58:03.790Z [INFO]: Loaded command: play
2025-04-28T06:58:03.792Z [INFO]: Loaded command: disablecommand
2025-04-28T06:58:03.795Z [INFO]: Đang đăng ký 6 lệnh với Discord API...
2025-04-28T06:58:04.388Z [INFO]: Đã đăng ký thành công 6 lệnh với Discord API
2025-04-28T06:58:04.391Z [INFO]: Loaded event: guildMemberAdd
2025-04-28T06:58:04.392Z [INFO]: Loaded event: guildMemberRemove
2025-04-28T06:58:04.392Z [INFO]: Total 2 events loaded.
2025-04-28T06:58:04.393Z [INFO]: Command handler initialized
2025-04-28T06:58:04.393Z [INFO]: Event handler initialized
2025-04-28T06:58:04.393Z [INFO]: Bot is starting...
2025-04-28T06:58:05.473Z [INFO]: Bot logged in as Machine Lux#4690
2025-04-28T06:58:05.743Z [INFO]: Bot is ready as Machine Lux#4690
2025-04-28T06:58:05.751Z [ERROR]: Uncaught exception: Unhandled error. ('localhost')
2025-04-28T06:59:49.273Z [INFO]: Loaded command: refresh
2025-04-28T06:59:49.284Z [INFO]: Loaded command: setup-autorole
2025-04-28T06:59:49.286Z [INFO]: Loaded command: setup-goodbye
2025-04-28T06:59:49.287Z [INFO]: Loaded command: setup-welcome
2025-04-28T06:59:49.290Z [INFO]: Loaded command: play
2025-04-28T06:59:49.292Z [INFO]: Loaded command: disablecommand
2025-04-28T06:59:49.295Z [INFO]: Đang đăng ký 6 lệnh với Discord API...
2025-04-28T06:59:49.864Z [INFO]: Đã đăng ký thành công 6 lệnh với Discord API
2025-04-28T06:59:49.866Z [INFO]: Loaded event: guildMemberAdd
2025-04-28T06:59:49.868Z [INFO]: Loaded event: guildMemberRemove
2025-04-28T06:59:49.868Z [INFO]: Total 2 events loaded.
2025-04-28T06:59:49.868Z [INFO]: Command handler initialized
2025-04-28T06:59:49.868Z [INFO]: Event handler initialized
2025-04-28T06:59:49.869Z [INFO]: Bot is starting...
2025-04-28T06:59:50.943Z [INFO]: Bot logged in as Machine Lux#4690
2025-04-28T06:59:51.378Z [INFO]: Bot is ready as Machine Lux#4690
2025-04-28T07:01:55.295Z [INFO]: Loaded command: refresh
2025-04-28T07:01:55.307Z [INFO]: Loaded command: setup-autorole
2025-04-28T07:01:55.309Z [INFO]: Loaded command: setup-goodbye
2025-04-28T07:01:55.310Z [INFO]: Loaded command: setup-welcome
2025-04-28T07:01:55.311Z [INFO]: Loaded command: play
2025-04-28T07:01:55.313Z [INFO]: Loaded command: disablecommand
2025-04-28T07:01:55.316Z [INFO]: Đang đăng ký 6 lệnh với Discord API...
2025-04-28T07:01:55.888Z [INFO]: Đã đăng ký thành công 6 lệnh với Discord API
2025-04-28T07:01:55.891Z [INFO]: Loaded event: guildMemberAdd
2025-04-28T07:01:55.892Z [INFO]: Loaded event: guildMemberRemove
2025-04-28T07:01:55.893Z [INFO]: Total 2 events loaded.
2025-04-28T07:01:55.893Z [INFO]: Command handler initialized
2025-04-28T07:01:55.896Z [INFO]: Event handler initialized
2025-04-28T07:01:55.897Z [INFO]: Bot is starting...
2025-04-28T07:01:56.914Z [INFO]: Bot logged in as Machine Lux#4690
2025-04-28T07:01:57.478Z [INFO]: Bot is ready as Machine Lux#4690
2025-04-28T07:23:29.696Z [INFO]: Event file voiceStateUpdate.js changed (rename). Reloading events...
2025-04-28T07:23:29.821Z [INFO]: Loaded event: guildMemberAdd
2025-04-28T07:23:29.822Z [INFO]: Loaded event: guildMemberRemove
2025-04-28T07:23:29.823Z [WARN]: Event at C:\bott3\src\events\voiceStateUpdate.js missing required 'name' or 'execute' properties.
2025-04-28T07:23:29.823Z [INFO]: Total 2 events loaded.
2025-04-28T07:23:29.823Z [INFO]: Events reloaded successfully.
2025-04-28T07:25:20.715Z [INFO]: Event file guildMemberAdd.js changed (change). Reloading events...
2025-04-28T07:25:20.716Z [INFO]: Event file guildMemberAdd.js changed (change). Reloading events...
2025-04-28T07:25:20.717Z [INFO]: Event file guildMemberAdd.js changed (change). Reloading events...
2025-04-28T07:25:20.825Z [ERROR]: Error loading events: Cannot find module '../../models/GuildConfig'
Require stack:
- C:\bott3\src\events\guildMemberAdd.js
- C:\bott3\src\handlers\eventHandler.js
- C:\bott3\src\index.js
2025-04-28T07:25:20.825Z [ERROR]: Error reloading events: Cannot find module '../../models/GuildConfig'
Require stack:
- C:\bott3\src\events\guildMemberAdd.js
- C:\bott3\src\handlers\eventHandler.js
- C:\bott3\src\index.js
2025-04-28T07:25:20.826Z [ERROR]: Error loading events: Cannot find module '../../models/GuildConfig'
Require stack:
- C:\bott3\src\events\guildMemberAdd.js
- C:\bott3\src\handlers\eventHandler.js
- C:\bott3\src\index.js
2025-04-28T07:25:20.827Z [ERROR]: Error reloading events: Cannot find module '../../models/GuildConfig'
Require stack:
- C:\bott3\src\events\guildMemberAdd.js
- C:\bott3\src\handlers\eventHandler.js
- C:\bott3\src\index.js
2025-04-28T07:25:20.828Z [ERROR]: Error loading events: Cannot find module '../../models/GuildConfig'
Require stack:
- C:\bott3\src\events\guildMemberAdd.js
- C:\bott3\src\handlers\eventHandler.js
- C:\bott3\src\index.js
2025-04-28T07:25:20.828Z [ERROR]: Error reloading events: Cannot find module '../../models/GuildConfig'
Require stack:
- C:\bott3\src\events\guildMemberAdd.js
- C:\bott3\src\handlers\eventHandler.js
- C:\bott3\src\index.js
2025-04-28T07:26:20.453Z [INFO]: Event file guildMemberAdd.js changed (change). Reloading events...
2025-04-28T07:26:20.454Z [INFO]: Event file guildMemberAdd.js changed (change). Reloading events...
2025-04-28T07:26:20.455Z [INFO]: Event file guildMemberAdd.js changed (change). Reloading events...
2025-04-28T07:26:20.557Z [INFO]: Loaded event: guildMemberAdd
2025-04-28T07:26:20.558Z [INFO]: Loaded event: guildMemberRemove
2025-04-28T07:26:20.558Z [WARN]: Event at C:\bott3\src\events\voiceStateUpdate.js missing required 'name' or 'execute' properties.
2025-04-28T07:26:20.559Z [INFO]: Total 2 events loaded.
2025-04-28T07:26:20.559Z [INFO]: Events reloaded successfully.
2025-04-28T07:26:20.559Z [INFO]: Loaded event: guildMemberAdd
2025-04-28T07:26:20.560Z [INFO]: Loaded event: guildMemberRemove
2025-04-28T07:26:20.560Z [WARN]: Event at C:\bott3\src\events\voiceStateUpdate.js missing required 'name' or 'execute' properties.
2025-04-28T07:26:20.560Z [INFO]: Total 2 events loaded.
2025-04-28T07:26:20.560Z [INFO]: Events reloaded successfully.
2025-04-28T07:26:20.561Z [INFO]: Loaded event: guildMemberAdd
2025-04-28T07:26:20.562Z [INFO]: Loaded event: guildMemberRemove
2025-04-28T07:26:20.563Z [WARN]: Event at C:\bott3\src\events\voiceStateUpdate.js missing required 'name' or 'execute' properties.
2025-04-28T07:26:20.563Z [INFO]: Total 2 events loaded.
2025-04-28T07:26:20.563Z [INFO]: Events reloaded successfully.
2025-04-28T07:42:16.405Z [INFO]: Loaded command: refresh
2025-04-28T07:42:16.417Z [INFO]: Loaded command: setup-autorole
2025-04-28T07:42:16.419Z [INFO]: Loaded command: setup-goodbye
2025-04-28T07:42:16.421Z [INFO]: Loaded command: setup-log
2025-04-28T07:42:16.422Z [INFO]: Loaded command: setup-welcome
2025-04-28T07:42:16.425Z [INFO]: Loaded command: play
2025-04-28T07:42:16.426Z [INFO]: Loaded command: disablecommand
2025-04-28T07:42:16.430Z [INFO]: Đang đăng ký 7 lệnh với Discord API...
2025-04-28T07:42:17.062Z [INFO]: Đã đăng ký thành công 7 lệnh với Discord API
2025-04-28T07:42:17.065Z [INFO]: Loaded event: guildMemberAdd
2025-04-28T07:42:17.066Z [INFO]: Loaded event: guildMemberRemove
2025-04-28T07:42:17.066Z [WARN]: Event at C:\bott3\src\events\voiceStateUpdate.js missing required 'name' or 'execute' properties.
2025-04-28T07:42:17.067Z [INFO]: Total 2 events loaded.
2025-04-28T07:42:17.067Z [INFO]: Command handler initialized
2025-04-28T07:42:17.067Z [INFO]: Event handler initialized
2025-04-28T07:42:17.067Z [INFO]: Bot is starting...
2025-04-28T07:42:18.145Z [INFO]: Bot logged in as Machine Lux#4690
2025-04-28T07:42:18.401Z [INFO]: Bot is ready as Machine Lux#4690
2025-04-28T12:50:52.258Z [INFO]: Loaded command: refresh
2025-04-28T12:50:52.279Z [INFO]: Loaded command: setup-autorole
2025-04-28T12:50:52.281Z [INFO]: Loaded command: setup-goodbye
2025-04-28T12:50:52.282Z [INFO]: Loaded command: setup-log
2025-04-28T12:50:52.283Z [INFO]: Loaded command: setup-welcome
2025-04-28T12:50:52.285Z [INFO]: Loaded command: play
2025-04-28T12:50:52.288Z [INFO]: Loaded command: disablecommand
2025-04-28T12:50:52.290Z [INFO]: Đang đăng ký 7 lệnh với Discord API...
2025-04-28T12:50:52.896Z [INFO]: Đã đăng ký thành công 7 lệnh với Discord API
2025-04-28T12:50:52.900Z [INFO]: Loaded event: guildMemberAdd
2025-04-28T12:50:52.901Z [INFO]: Loaded event: guildMemberRemove
2025-04-28T12:50:52.903Z [WARN]: Event at C:\bott3\src\events\voiceStateUpdate.js missing required 'name' or 'execute' properties.
2025-04-28T12:50:52.903Z [INFO]: Total 2 events loaded.
2025-04-28T12:50:52.903Z [INFO]: Command handler initialized
2025-04-28T12:50:52.904Z [INFO]: Event handler initialized
2025-04-28T12:50:52.904Z [INFO]: Bot is starting...
2025-04-28T12:50:52.909Z [INFO]: Event file guildMemberAdd.js changed (change). Reloading events...
2025-04-28T12:50:52.910Z [INFO]: Event file guildMemberRemove.js changed (change). Reloading events...
2025-04-28T12:50:53.020Z [INFO]: Loaded event: guildMemberAdd
2025-04-28T12:50:53.021Z [INFO]: Loaded event: guildMemberRemove
2025-04-28T12:50:53.021Z [WARN]: Event at C:\bott3\src\events\voiceStateUpdate.js missing required 'name' or 'execute' properties.
2025-04-28T12:50:53.021Z [INFO]: Total 2 events loaded.
2025-04-28T12:50:53.021Z [INFO]: Events reloaded successfully.
2025-04-28T12:50:53.022Z [INFO]: Loaded event: guildMemberAdd
2025-04-28T12:50:53.022Z [INFO]: Loaded event: guildMemberRemove
2025-04-28T12:50:53.023Z [WARN]: Event at C:\bott3\src\events\voiceStateUpdate.js missing required 'name' or 'execute' properties.
2025-04-28T12:50:53.023Z [INFO]: Total 2 events loaded.
2025-04-28T12:50:53.023Z [INFO]: Events reloaded successfully.
2025-04-28T12:50:53.920Z [INFO]: Bot logged in as Machine Lux#4690
2025-04-28T12:50:54.411Z [INFO]: Bot is ready as Machine Lux#4690
2025-04-28T15:40:42.567Z [ERROR]: Unhandled promise rejection: EmbedBuilder is not defined
2025-04-28T15:46:12.311Z [INFO]: Event file guildMemberRemove.js changed (change). Reloading events...
2025-04-28T15:46:12.312Z [INFO]: Event file guildMemberRemove.js changed (change). Reloading events...
2025-04-28T15:46:12.423Z [INFO]: Loaded event: guildMemberAdd
2025-04-28T15:46:12.426Z [ERROR]: Error loading events: Cannot find module './utils/embedBuilder'
Require stack:
- C:\bott3\src\events\guildMemberRemove.js
- C:\bott3\src\handlers\eventHandler.js
- C:\bott3\src\index.js
2025-04-28T15:46:12.428Z [ERROR]: Error reloading events: Cannot find module './utils/embedBuilder'
Require stack:
- C:\bott3\src\events\guildMemberRemove.js
- C:\bott3\src\handlers\eventHandler.js
- C:\bott3\src\index.js
2025-04-28T15:46:12.429Z [INFO]: Loaded event: guildMemberAdd
2025-04-28T15:46:12.430Z [ERROR]: Error loading events: Cannot find module './utils/embedBuilder'
Require stack:
- C:\bott3\src\events\guildMemberRemove.js
- C:\bott3\src\handlers\eventHandler.js
- C:\bott3\src\index.js
2025-04-28T15:46:12.430Z [ERROR]: Error reloading events: Cannot find module './utils/embedBuilder'
Require stack:
- C:\bott3\src\events\guildMemberRemove.js
- C:\bott3\src\handlers\eventHandler.js
- C:\bott3\src\index.js
2025-04-28T15:46:12.431Z [INFO]: Event file guildMemberAdd.js changed (change). Reloading events...
2025-04-28T15:46:12.542Z [INFO]: Loaded event: guildMemberAdd
2025-04-28T15:46:12.543Z [ERROR]: Error loading events: Cannot find module './utils/embedBuilder'
Require stack:
- C:\bott3\src\events\guildMemberRemove.js
- C:\bott3\src\handlers\eventHandler.js
- C:\bott3\src\index.js
2025-04-28T15:46:12.544Z [ERROR]: Error reloading events: Cannot find module './utils/embedBuilder'
Require stack:
- C:\bott3\src\events\guildMemberRemove.js
- C:\bott3\src\handlers\eventHandler.js
- C:\bott3\src\index.js
2025-04-28T15:46:59.634Z [INFO]: Event file guildMemberRemove.js changed (change). Reloading events...
2025-04-28T15:46:59.635Z [INFO]: Event file guildMemberRemove.js changed (change). Reloading events...
2025-04-28T15:46:59.636Z [INFO]: Event file guildMemberRemove.js changed (change). Reloading events...
2025-04-28T15:46:59.747Z [INFO]: Loaded event: guildMemberAdd
2025-04-28T15:46:59.747Z [INFO]: Loaded event: guildMemberRemove
2025-04-28T15:46:59.748Z [WARN]: Event at C:\bott3\src\events\voiceStateUpdate.js missing required 'name' or 'execute' properties.
2025-04-28T15:46:59.748Z [INFO]: Total 2 events loaded.
2025-04-28T15:46:59.748Z [INFO]: Events reloaded successfully.
2025-04-28T15:46:59.749Z [INFO]: Loaded event: guildMemberAdd
2025-04-28T15:46:59.749Z [INFO]: Loaded event: guildMemberRemove
2025-04-28T15:46:59.749Z [WARN]: Event at C:\bott3\src\events\voiceStateUpdate.js missing required 'name' or 'execute' properties.
2025-04-28T15:46:59.749Z [INFO]: Total 2 events loaded.
2025-04-28T15:46:59.749Z [INFO]: Events reloaded successfully.
2025-04-28T15:46:59.750Z [INFO]: Loaded event: guildMemberAdd
2025-04-28T15:46:59.750Z [INFO]: Loaded event: guildMemberRemove
2025-04-28T15:46:59.751Z [WARN]: Event at C:\bott3\src\events\voiceStateUpdate.js missing required 'name' or 'execute' properties.
2025-04-28T15:46:59.751Z [INFO]: Total 2 events loaded.
2025-04-28T15:46:59.751Z [INFO]: Events reloaded successfully.
2025-04-28T15:47:15.914Z [INFO]: Event file guildMemberAdd.js changed (change). Reloading events...
2025-04-28T15:47:15.915Z [INFO]: Event file guildMemberAdd.js changed (change). Reloading events...
2025-04-28T15:47:15.915Z [INFO]: Event file guildMemberAdd.js changed (change). Reloading events...
2025-04-28T15:47:16.021Z [INFO]: Loaded event: guildMemberAdd
2025-04-28T15:47:16.021Z [INFO]: Loaded event: guildMemberRemove
2025-04-28T15:47:16.021Z [WARN]: Event at C:\bott3\src\events\voiceStateUpdate.js missing required 'name' or 'execute' properties.
2025-04-28T15:47:16.022Z [INFO]: Total 2 events loaded.
2025-04-28T15:47:16.022Z [INFO]: Events reloaded successfully.
2025-04-28T15:47:16.022Z [INFO]: Loaded event: guildMemberAdd
2025-04-28T15:47:16.023Z [INFO]: Loaded event: guildMemberRemove
2025-04-28T15:47:16.025Z [WARN]: Event at C:\bott3\src\events\voiceStateUpdate.js missing required 'name' or 'execute' properties.
2025-04-28T15:47:16.025Z [INFO]: Total 2 events loaded.
2025-04-28T15:47:16.025Z [INFO]: Events reloaded successfully.
2025-04-28T15:47:16.026Z [INFO]: Loaded event: guildMemberAdd
2025-04-28T15:47:16.026Z [INFO]: Loaded event: guildMemberRemove
2025-04-28T15:47:16.027Z [WARN]: Event at C:\bott3\src\events\voiceStateUpdate.js missing required 'name' or 'execute' properties.
2025-04-28T15:47:16.027Z [INFO]: Total 2 events loaded.
2025-04-28T15:47:16.027Z [INFO]: Events reloaded successfully.
2025-04-28T15:47:29.848Z [ERROR]: Unhandled promise rejection: EmbedBuilder is not defined
2025-04-28T15:53:36.839Z [INFO]: Event file guildMemberAdd.js changed (change). Reloading events...
2025-04-28T15:53:36.840Z [INFO]: Event file guildMemberAdd.js changed (change). Reloading events...
2025-04-28T15:53:36.841Z [INFO]: Event file guildMemberAdd.js changed (change). Reloading events...
2025-04-28T15:53:36.945Z [INFO]: Loaded event: guildMemberAdd
2025-04-28T15:53:36.946Z [INFO]: Loaded event: guildMemberRemove
2025-04-28T15:53:36.946Z [WARN]: Event at C:\bott3\src\events\voiceStateUpdate.js missing required 'name' or 'execute' properties.
2025-04-28T15:53:36.946Z [INFO]: Total 2 events loaded.
2025-04-28T15:53:36.946Z [INFO]: Events reloaded successfully.
2025-04-28T15:53:36.947Z [INFO]: Loaded event: guildMemberAdd
2025-04-28T15:53:36.948Z [INFO]: Loaded event: guildMemberRemove
2025-04-28T15:53:36.948Z [WARN]: Event at C:\bott3\src\events\voiceStateUpdate.js missing required 'name' or 'execute' properties.
2025-04-28T15:53:36.948Z [INFO]: Total 2 events loaded.
2025-04-28T15:53:36.949Z [INFO]: Events reloaded successfully.
2025-04-28T15:53:36.950Z [INFO]: Loaded event: guildMemberAdd
2025-04-28T15:53:36.950Z [INFO]: Loaded event: guildMemberRemove
2025-04-28T15:53:36.950Z [WARN]: Event at C:\bott3\src\events\voiceStateUpdate.js missing required 'name' or 'execute' properties.
2025-04-28T15:53:36.950Z [INFO]: Total 2 events loaded.
2025-04-28T15:53:36.951Z [INFO]: Events reloaded successfully.
2025-04-28T15:56:40.899Z [INFO]: Event file guildMemberAdd.js changed (change). Reloading events...
2025-04-28T15:56:41.005Z [INFO]: Loaded event: guildMemberAdd
2025-04-28T15:56:41.006Z [INFO]: Loaded event: guildMemberRemove
2025-04-28T15:56:41.007Z [WARN]: Event at C:\bott3\src\events\voiceStateUpdate.js missing required 'name' or 'execute' properties.
2025-04-28T15:56:41.007Z [INFO]: Total 2 events loaded.
2025-04-28T15:56:41.007Z [INFO]: Events reloaded successfully.
2025-04-28T16:46:59.986Z [INFO]: Event file guildMemberRemove.js changed (change). Reloading events...
2025-04-28T16:47:00.126Z [INFO]: Loaded event: guildMemberAdd
2025-04-28T16:47:00.127Z [INFO]: Loaded event: guildMemberRemove
2025-04-28T16:47:00.127Z [WARN]: Event at C:\bott3\src\events\voiceStateUpdate.js missing required 'name' or 'execute' properties.
2025-04-28T16:47:00.127Z [INFO]: Total 2 events loaded.
2025-04-28T16:47:00.128Z [INFO]: Events reloaded successfully.
2025-04-29T05:01:46.888Z [INFO]: Loaded command: refresh
2025-04-29T05:01:46.902Z [INFO]: Loaded command: setup-autorole
2025-04-29T05:01:46.904Z [INFO]: Loaded command: setup-goodbye
2025-04-29T05:01:46.906Z [INFO]: Loaded command: setup-log
2025-04-29T05:01:46.908Z [INFO]: Loaded command: setup-welcome
2025-04-29T05:01:46.911Z [INFO]: Loaded command: play
2025-04-29T05:01:46.913Z [INFO]: Loaded command: disablecommand
2025-04-29T05:01:46.916Z [INFO]: Đang đăng ký 7 lệnh với Discord API...
2025-04-29T05:01:47.592Z [INFO]: Đã đăng ký thành công 7 lệnh với Discord API
2025-04-29T05:02:38.670Z [INFO]: Loaded command: refresh
2025-04-29T05:02:38.687Z [INFO]: Loaded command: setup-autorole
2025-04-29T05:02:38.689Z [INFO]: Loaded command: setup-goodbye
2025-04-29T05:02:38.691Z [INFO]: Loaded command: setup-log
2025-04-29T05:02:38.693Z [INFO]: Loaded command: setup-welcome
2025-04-29T05:02:38.696Z [INFO]: Loaded command: play
2025-04-29T05:02:38.698Z [INFO]: Loaded command: disablecommand
2025-04-29T05:02:38.701Z [INFO]: Đang đăng ký 7 lệnh với Discord API...
2025-04-29T05:02:39.347Z [INFO]: Đã đăng ký thành công 7 lệnh với Discord API
2025-04-29T05:02:39.350Z [INFO]: Loaded event: guildMemberAdd
2025-04-29T05:02:39.351Z [INFO]: Loaded event: guildMemberRemove
2025-04-29T05:02:39.353Z [INFO]: Loaded event: voiceStateUpdate
2025-04-29T05:02:39.353Z [INFO]: Total 3 events loaded.
2025-04-29T05:02:39.353Z [INFO]: Command handler initialized
2025-04-29T05:02:39.353Z [INFO]: Event handler initialized
2025-04-29T05:02:39.353Z [INFO]: Bot is starting...
2025-04-29T05:02:40.567Z [INFO]: Bot logged in as Machine Lux#4690
2025-04-29T05:02:40.829Z [INFO]: Bot is ready as Machine Lux#4690
2025-04-29T05:10:51.590Z [INFO]: Loaded command: refresh
2025-04-29T05:10:51.609Z [INFO]: Loaded command: setup-autorole
2025-04-29T05:10:51.611Z [INFO]: Loaded command: setup-goodbye
2025-04-29T05:10:51.612Z [INFO]: Loaded command: setup-log
2025-04-29T05:10:51.614Z [INFO]: Loaded command: setup-welcome
2025-04-29T05:10:51.617Z [INFO]: Loaded command: play
2025-04-29T05:10:51.619Z [INFO]: Loaded command: disablecommand
2025-04-29T05:10:51.623Z [INFO]: Đang đăng ký 7 lệnh với Discord API...
2025-04-29T05:10:52.281Z [INFO]: Đã đăng ký thành công 7 lệnh với Discord API
2025-04-29T05:10:52.284Z [INFO]: Loaded event: guildMemberAdd
2025-04-29T05:10:52.287Z [INFO]: Loaded event: guildMemberRemove
2025-04-29T05:10:52.289Z [INFO]: Loaded event: voiceStateUpdate
2025-04-29T05:10:52.290Z [INFO]: Total 3 events loaded.
2025-04-29T05:10:52.290Z [INFO]: Command handler initialized
2025-04-29T05:10:52.290Z [INFO]: Event handler initialized
2025-04-29T05:10:52.291Z [INFO]: Bot is starting...
2025-04-29T05:10:53.379Z [INFO]: Bot logged in as Machine Lux#4690
2025-04-29T05:10:53.640Z [INFO]: Bot is ready as Machine Lux#4690
2025-04-29T05:24:07.604Z [INFO]: Event file guildMemberRemove.js changed (change). Reloading events...
2025-04-29T05:24:07.605Z [INFO]: Event file guildMemberRemove.js changed (change). Reloading events...
2025-04-29T05:24:07.607Z [INFO]: Event file guildMemberRemove.js changed (change). Reloading events...
2025-04-29T05:24:07.707Z [INFO]: Loaded event: guildMemberAdd
2025-04-29T05:24:07.708Z [INFO]: Loaded event: guildMemberRemove
2025-04-29T05:24:07.709Z [INFO]: Loaded event: voiceStateUpdate
2025-04-29T05:24:07.709Z [INFO]: Total 3 events loaded.
2025-04-29T05:24:07.710Z [INFO]: Events reloaded successfully.
2025-04-29T05:24:07.710Z [INFO]: Loaded event: guildMemberAdd
2025-04-29T05:24:07.711Z [INFO]: Loaded event: guildMemberRemove
2025-04-29T05:24:07.712Z [INFO]: Loaded event: voiceStateUpdate
2025-04-29T05:24:07.712Z [INFO]: Total 3 events loaded.
2025-04-29T05:24:07.712Z [INFO]: Events reloaded successfully.
2025-04-29T05:24:07.713Z [INFO]: Loaded event: guildMemberAdd
2025-04-29T05:24:07.714Z [INFO]: Loaded event: guildMemberRemove
2025-04-29T05:24:07.715Z [INFO]: Loaded event: voiceStateUpdate
2025-04-29T05:24:07.715Z [INFO]: Total 3 events loaded.
2025-04-29T05:24:07.717Z [INFO]: Events reloaded successfully.
2025-04-29T05:29:22.212Z [INFO]: Event file guildMemberAdd.js changed (change). Reloading events...
2025-04-29T05:29:22.213Z [INFO]: Event file guildMemberAdd.js changed (change). Reloading events...
2025-04-29T05:29:22.214Z [INFO]: Event file guildMemberAdd.js changed (change). Reloading events...
2025-04-29T05:29:22.318Z [INFO]: Loaded event: guildMemberAdd
2025-04-29T05:29:22.319Z [INFO]: Loaded event: guildMemberRemove
2025-04-29T05:29:22.320Z [INFO]: Loaded event: voiceStateUpdate
2025-04-29T05:29:22.320Z [INFO]: Total 3 events loaded.
2025-04-29T05:29:22.320Z [INFO]: Events reloaded successfully.
2025-04-29T05:29:22.321Z [INFO]: Loaded event: guildMemberAdd
2025-04-29T05:29:22.321Z [INFO]: Loaded event: guildMemberRemove
2025-04-29T05:29:22.323Z [INFO]: Loaded event: voiceStateUpdate
2025-04-29T05:29:22.323Z [INFO]: Total 3 events loaded.
2025-04-29T05:29:22.323Z [INFO]: Events reloaded successfully.
2025-04-29T05:29:22.324Z [INFO]: Loaded event: guildMemberAdd
2025-04-29T05:29:22.325Z [INFO]: Loaded event: guildMemberRemove
2025-04-29T05:29:22.326Z [INFO]: Loaded event: voiceStateUpdate
2025-04-29T05:29:22.326Z [INFO]: Total 3 events loaded.
2025-04-29T05:29:22.326Z [INFO]: Events reloaded successfully.
2025-04-29T05:30:55.970Z [INFO]: Loaded command: refresh
2025-04-29T05:30:55.989Z [INFO]: Loaded command: setup-autorole
2025-04-29T05:30:55.994Z [INFO]: Loaded command: setup-goodbye
2025-04-29T05:30:55.998Z [INFO]: Loaded command: setup-log
2025-04-29T05:30:56.000Z [INFO]: Loaded command: setup-welcome
2025-04-29T05:30:56.002Z [INFO]: Loaded command: play
2025-04-29T05:30:56.006Z [INFO]: Loaded command: disablecommand
2025-04-29T05:30:56.008Z [INFO]: Đang đăng ký 7 lệnh với Discord API...
2025-04-29T05:30:56.603Z [INFO]: Đã đăng ký thành công 7 lệnh với Discord API
2025-04-29T05:30:56.606Z [INFO]: Loaded event: guildMemberAdd
2025-04-29T05:30:56.606Z [INFO]: Loaded event: guildMemberRemove
2025-04-29T05:30:56.608Z [INFO]: Loaded event: voiceStateUpdate
2025-04-29T05:30:56.608Z [INFO]: Total 3 events loaded.
2025-04-29T05:30:56.608Z [INFO]: Command handler initialized
2025-04-29T05:30:56.608Z [INFO]: Event handler initialized
2025-04-29T05:30:56.609Z [INFO]: Bot is starting...
2025-04-29T05:30:57.677Z [INFO]: Bot logged in as Machine Lux#4690
2025-04-29T05:30:58.419Z [INFO]: Bot is ready as Machine Lux#4690
2025-04-29T05:33:19.457Z [INFO]: Event file guildMemberRemove.js changed (change). Reloading events...
2025-04-29T05:33:19.458Z [INFO]: Event file guildMemberRemove.js changed (change). Reloading events...
2025-04-29T05:33:19.459Z [INFO]: Event file guildMemberRemove.js changed (change). Reloading events...
2025-04-29T05:33:19.567Z [INFO]: Loaded event: guildMemberAdd
2025-04-29T05:33:19.568Z [INFO]: Loaded event: guildMemberRemove
2025-04-29T05:33:19.569Z [INFO]: Loaded event: voiceStateUpdate
2025-04-29T05:33:19.569Z [INFO]: Total 3 events loaded.
2025-04-29T05:33:19.569Z [INFO]: Events reloaded successfully.
2025-04-29T05:33:19.570Z [INFO]: Loaded event: guildMemberAdd
2025-04-29T05:33:19.570Z [INFO]: Loaded event: guildMemberRemove
2025-04-29T05:33:19.571Z [INFO]: Loaded event: voiceStateUpdate
2025-04-29T05:33:19.571Z [INFO]: Total 3 events loaded.
2025-04-29T05:33:19.571Z [INFO]: Events reloaded successfully.
2025-04-29T05:33:19.572Z [INFO]: Loaded event: guildMemberAdd
2025-04-29T05:33:19.573Z [INFO]: Loaded event: guildMemberRemove
2025-04-29T05:33:19.575Z [INFO]: Loaded event: voiceStateUpdate
2025-04-29T05:33:19.575Z [INFO]: Total 3 events loaded.
2025-04-29T05:33:19.576Z [INFO]: Events reloaded successfully.
2025-04-29T05:42:55.235Z [INFO]: Event file guildMemberAdd.js changed (change). Reloading events...
2025-04-29T05:42:55.236Z [INFO]: Event file guildMemberAdd.js changed (change). Reloading events...
2025-04-29T05:42:55.237Z [INFO]: Event file guildMemberAdd.js changed (change). Reloading events...
2025-04-29T05:42:55.338Z [INFO]: Loaded event: guildMemberAdd
2025-04-29T05:42:55.338Z [INFO]: Loaded event: guildMemberRemove
2025-04-29T05:42:55.339Z [INFO]: Loaded event: voiceStateUpdate
2025-04-29T05:42:55.339Z [INFO]: Total 3 events loaded.
2025-04-29T05:42:55.339Z [INFO]: Events reloaded successfully.
2025-04-29T05:42:55.340Z [INFO]: Loaded event: guildMemberAdd
2025-04-29T05:42:55.340Z [INFO]: Loaded event: guildMemberRemove
2025-04-29T05:42:55.342Z [INFO]: Loaded event: voiceStateUpdate
2025-04-29T05:42:55.342Z [INFO]: Total 3 events loaded.
2025-04-29T05:42:55.342Z [INFO]: Events reloaded successfully.
2025-04-29T05:42:55.343Z [INFO]: Loaded event: guildMemberAdd
2025-04-29T05:42:55.344Z [INFO]: Loaded event: guildMemberRemove
2025-04-29T05:42:55.344Z [INFO]: Loaded event: voiceStateUpdate
2025-04-29T05:42:55.345Z [INFO]: Total 3 events loaded.
2025-04-29T05:42:55.345Z [INFO]: Events reloaded successfully.
2025-04-29T05:44:13.531Z [INFO]: Loaded command: refresh
2025-04-29T05:44:13.548Z [INFO]: Loaded command: setup-autorole
2025-04-29T05:44:13.550Z [INFO]: Loaded command: setup-goodbye
2025-04-29T05:44:13.552Z [INFO]: Loaded command: setup-log
2025-04-29T05:44:13.554Z [INFO]: Loaded command: setup-rule
2025-04-29T05:44:13.556Z [INFO]: Loaded command: setup-welcome
2025-04-29T05:44:13.559Z [INFO]: Loaded command: play
2025-04-29T05:44:13.561Z [INFO]: Loaded command: disablecommand
2025-04-29T05:44:13.564Z [INFO]: Đang đăng ký 8 lệnh với Discord API...
2025-04-29T05:44:14.330Z [INFO]: Đã đăng ký thành công 8 lệnh với Discord API
2025-04-29T05:44:14.333Z [INFO]: Loaded event: guildMemberAdd
2025-04-29T05:44:14.334Z [INFO]: Loaded event: guildMemberRemove
2025-04-29T05:44:14.336Z [INFO]: Loaded event: voiceStateUpdate
2025-04-29T05:44:14.336Z [INFO]: Total 3 events loaded.
2025-04-29T05:44:14.336Z [INFO]: Command handler initialized
2025-04-29T05:44:14.337Z [INFO]: Event handler initialized
2025-04-29T05:44:14.337Z [INFO]: Bot is starting...
2025-04-29T05:44:15.422Z [INFO]: Bot logged in as Machine Lux#4690
2025-04-29T05:44:16.146Z [INFO]: Bot is ready as Machine Lux#4690
2025-04-29T05:55:49.512Z [INFO]: Loaded command: refresh
2025-04-29T05:55:49.531Z [INFO]: Loaded command: setup-autorole
2025-04-29T05:55:49.533Z [INFO]: Loaded command: setup-goodbye
2025-04-29T05:55:49.535Z [INFO]: Loaded command: setup-log
2025-04-29T05:55:49.538Z [INFO]: Loaded command: setup-rule
2025-04-29T05:55:49.540Z [INFO]: Loaded command: setup-welcome
2025-04-29T05:55:49.543Z [INFO]: Loaded command: play
2025-04-29T05:55:49.547Z [INFO]: Loaded command: disablecommand
2025-04-29T05:55:49.551Z [INFO]: Đang đăng ký 8 lệnh với Discord API...
2025-04-29T05:55:50.135Z [INFO]: Đã đăng ký thành công 8 lệnh với Discord API
2025-04-29T05:55:50.138Z [INFO]: Loaded event: guildMemberAdd
2025-04-29T05:55:50.140Z [INFO]: Loaded event: guildMemberRemove
2025-04-29T05:55:50.147Z [INFO]: Loaded event: voiceStateUpdate
2025-04-29T05:55:50.150Z [INFO]: Total 3 events loaded.
2025-04-29T05:55:50.166Z [INFO]: Command handler initialized
2025-04-29T05:55:50.176Z [INFO]: Event handler initialized
2025-04-29T05:55:50.176Z [INFO]: Bot is starting...
2025-04-29T05:55:51.450Z [INFO]: Bot logged in as Machine Lux#4690
2025-04-29T05:55:52.044Z [INFO]: Bot is ready as Machine Lux#4690
2025-04-29T10:32:36.374Z [INFO]: Event file guildMemberRemove.js changed (change). Reloading events...
2025-04-29T10:32:36.376Z [INFO]: Event file guildMemberAdd.js changed (change). Reloading events...
2025-04-29T10:32:36.380Z [INFO]: Event file voiceStateUpdate.js changed (change). Reloading events...
2025-04-29T10:32:36.477Z [INFO]: Loaded event: guildMemberAdd
2025-04-29T10:32:36.478Z [INFO]: Loaded event: guildMemberRemove
2025-04-29T10:32:36.480Z [INFO]: Loaded event: voiceStateUpdate
2025-04-29T10:32:36.480Z [INFO]: Total 3 events loaded.
2025-04-29T10:32:36.481Z [INFO]: Events reloaded successfully.
2025-04-29T10:32:36.483Z [INFO]: Loaded event: guildMemberAdd
2025-04-29T10:32:36.485Z [INFO]: Loaded event: guildMemberRemove
2025-04-29T10:32:36.486Z [INFO]: Loaded event: voiceStateUpdate
2025-04-29T10:32:36.487Z [INFO]: Total 3 events loaded.
2025-04-29T10:32:36.487Z [INFO]: Events reloaded successfully.
2025-04-29T10:32:36.489Z [INFO]: Loaded event: guildMemberAdd
2025-04-29T10:32:36.490Z [INFO]: Loaded event: guildMemberRemove
2025-04-29T10:32:36.492Z [INFO]: Loaded event: voiceStateUpdate
2025-04-29T10:32:36.492Z [INFO]: Total 3 events loaded.
2025-04-29T10:32:36.493Z [INFO]: Events reloaded successfully.
2025-04-29T14:01:31.577Z [INFO]: Event file guildMemberAdd.js changed (change). Reloading events...
2025-04-29T14:01:31.709Z [INFO]: Loaded event: guildMemberAdd
2025-04-29T14:01:31.710Z [INFO]: Loaded event: guildMemberRemove
2025-04-29T14:01:31.720Z [INFO]: Loaded event: voiceStateUpdate
2025-04-29T14:01:31.739Z [INFO]: Total 3 events loaded.
2025-04-29T14:01:31.740Z [INFO]: Events reloaded successfully.
2025-04-29T14:01:31.740Z [INFO]: Event file guildMemberRemove.js changed (change). Reloading events...
2025-04-29T14:01:31.741Z [INFO]: Event file voiceStateUpdate.js changed (change). Reloading events...
2025-04-29T14:01:31.845Z [INFO]: Loaded event: guildMemberAdd
2025-04-29T14:01:31.847Z [INFO]: Loaded event: guildMemberRemove
2025-04-29T14:01:31.848Z [INFO]: Loaded event: voiceStateUpdate
2025-04-29T14:01:31.848Z [INFO]: Total 3 events loaded.
2025-04-29T14:01:31.848Z [INFO]: Events reloaded successfully.
2025-04-29T14:01:31.849Z [INFO]: Loaded event: guildMemberAdd
2025-04-29T14:01:31.850Z [INFO]: Loaded event: guildMemberRemove
2025-04-29T14:01:31.853Z [INFO]: Loaded event: voiceStateUpdate
2025-04-29T14:01:31.853Z [INFO]: Total 3 events loaded.
2025-04-29T14:01:31.853Z [INFO]: Events reloaded successfully.
2025-04-29T15:09:26.721Z [INFO]: Event file guildMemberAdd.js changed (change). Reloading events...
2025-04-29T15:09:26.840Z [INFO]: Loaded event: guildMemberAdd
2025-04-29T15:09:26.841Z [INFO]: Loaded event: guildMemberRemove
2025-04-29T15:09:26.844Z [INFO]: Loaded event: voiceStateUpdate
2025-04-29T15:09:26.844Z [INFO]: Total 3 events loaded.
2025-04-29T15:09:26.844Z [INFO]: Events reloaded successfully.
2025-04-29T15:09:26.845Z [INFO]: Event file guildMemberRemove.js changed (change). Reloading events...
2025-04-29T15:09:26.847Z [INFO]: Event file voiceStateUpdate.js changed (change). Reloading events...
2025-04-29T15:09:26.948Z [INFO]: Loaded event: guildMemberAdd
2025-04-29T15:09:26.949Z [INFO]: Loaded event: guildMemberRemove
2025-04-29T15:09:26.950Z [INFO]: Loaded event: voiceStateUpdate
2025-04-29T15:09:26.951Z [INFO]: Total 3 events loaded.
2025-04-29T15:09:26.951Z [INFO]: Events reloaded successfully.
2025-04-29T15:09:26.954Z [INFO]: Loaded event: guildMemberAdd
2025-04-29T15:09:26.956Z [INFO]: Loaded event: guildMemberRemove
2025-04-29T15:09:26.958Z [INFO]: Loaded event: voiceStateUpdate
2025-04-29T15:09:26.960Z [INFO]: Total 3 events loaded.
2025-04-29T15:09:26.960Z [INFO]: Events reloaded successfully.
2025-04-29T15:13:23.822Z [INFO]: Loaded command: refresh
2025-04-29T15:13:23.837Z [INFO]: Loaded command: setup-autorole
2025-04-29T15:13:23.839Z [INFO]: Loaded command: setup-goodbye
2025-04-29T15:13:23.841Z [INFO]: Loaded command: setup-log
2025-04-29T15:13:23.843Z [INFO]: Loaded command: setup-rule
2025-04-29T15:13:23.845Z [INFO]: Loaded command: setup-welcome
2025-04-29T15:13:23.847Z [INFO]: Loaded command: play
2025-04-29T15:13:23.849Z [INFO]: Loaded command: disablecommand
2025-04-29T15:13:23.853Z [INFO]: Đang đăng ký 8 lệnh với Discord API...
2025-04-29T15:13:24.508Z [INFO]: Đã đăng ký thành công 8 lệnh với Discord API
2025-04-29T15:13:24.511Z [INFO]: Loaded event: guildMemberAdd
2025-04-29T15:13:24.512Z [INFO]: Loaded event: guildMemberRemove
2025-04-29T15:13:24.513Z [INFO]: Loaded event: voiceStateUpdate
2025-04-29T15:13:24.513Z [INFO]: Total 3 events loaded.
2025-04-29T15:13:24.514Z [INFO]: Command handler initialized
2025-04-29T15:13:24.514Z [INFO]: Event handler initialized
2025-04-29T15:13:24.514Z [INFO]: Bot is starting...
2025-04-29T15:13:25.581Z [INFO]: Bot logged in as Machine Lux#4690
2025-04-29T15:13:26.057Z [INFO]: Bot is ready as Machine Lux#4690
2025-04-29T15:15:21.977Z [INFO]: Loaded command: refresh
2025-04-29T15:15:21.991Z [INFO]: Loaded command: setup-autorole
2025-04-29T15:15:21.992Z [INFO]: Loaded command: setup-goodbye
2025-04-29T15:15:21.994Z [INFO]: Loaded command: setup-log
2025-04-29T15:15:21.995Z [INFO]: Loaded command: setup-rule
2025-04-29T15:15:21.996Z [INFO]: Loaded command: setup-welcome
2025-04-29T15:15:21.999Z [INFO]: Loaded command: play
2025-04-29T15:15:22.000Z [INFO]: Loaded command: disablecommand
2025-04-29T15:15:22.002Z [INFO]: Đang đăng ký 8 lệnh với Discord API...
2025-04-29T15:15:22.611Z [INFO]: Đã đăng ký thành công 8 lệnh với Discord API
2025-04-29T15:15:22.614Z [INFO]: Loaded event: guildMemberAdd
2025-04-29T15:15:22.615Z [INFO]: Loaded event: guildMemberRemove
2025-04-29T15:15:22.616Z [INFO]: Loaded event: voiceStateUpdate
2025-04-29T15:15:22.616Z [INFO]: Total 3 events loaded.
2025-04-29T15:15:22.617Z [INFO]: Command handler initialized
2025-04-29T15:15:22.617Z [INFO]: Event handler initialized
2025-04-29T15:15:22.617Z [INFO]: Bot is starting...
2025-04-29T15:15:23.752Z [INFO]: Bot logged in as Machine Lux#4690
2025-04-29T15:15:23.977Z [INFO]: Bot is ready as Machine Lux#4690
2025-04-29T15:22:13.911Z [INFO]: Loaded command: refresh
2025-04-29T15:22:13.924Z [INFO]: Loaded command: setup-autorole
2025-04-29T15:22:13.926Z [INFO]: Loaded command: setup-goodbye
2025-04-29T15:22:13.927Z [INFO]: Loaded command: setup-log
2025-04-29T15:22:13.928Z [INFO]: Loaded command: setup-rule
2025-04-29T15:22:13.930Z [INFO]: Loaded command: setup-welcome
2025-04-29T15:22:13.931Z [INFO]: Loaded command: play
2025-04-29T15:22:13.934Z [INFO]: Loaded command: disablecommand
2025-04-29T15:22:13.936Z [INFO]: Đang đăng ký 8 lệnh với Discord API...
2025-04-29T15:22:14.521Z [INFO]: Đã đăng ký thành công 8 lệnh với Discord API
2025-04-29T15:22:14.524Z [INFO]: Loaded event: guildMemberAdd
2025-04-29T15:22:14.525Z [INFO]: Loaded event: guildMemberRemove
2025-04-29T15:22:14.527Z [INFO]: Loaded event: voiceStateUpdate
2025-04-29T15:22:14.528Z [INFO]: Total 3 events loaded.
2025-04-29T15:22:14.528Z [INFO]: Command handler initialized
2025-04-29T15:22:14.528Z [INFO]: Event handler initialized
2025-04-29T15:22:14.529Z [INFO]: Bot is starting...
2025-04-29T15:22:15.602Z [INFO]: Bot logged in as Machine Lux#4690
2025-04-29T15:22:16.194Z [INFO]: Bot is ready as Machine Lux#4690
2025-04-29T15:54:40.612Z [INFO]: Event file messageReactionAdd.js changed (rename). Reloading events...
2025-04-29T15:54:40.728Z [INFO]: Loaded event: guildMemberAdd
2025-04-29T15:54:40.731Z [INFO]: Loaded event: guildMemberRemove
2025-04-29T15:54:40.733Z [WARN]: Event at C:\bott3\src\events\messageReactionAdd.js missing required 'name' or 'execute' properties.
2025-04-29T15:54:40.738Z [INFO]: Loaded event: voiceStateUpdate
2025-04-29T15:54:40.738Z [INFO]: Total 3 events loaded.
2025-04-29T15:54:40.739Z [INFO]: Events reloaded successfully.
2025-04-29T15:59:05.800Z [INFO]: Event file messageReactionAdd.js changed (change). Reloading events...
2025-04-29T15:59:05.801Z [INFO]: Event file messageReactionAdd.js changed (change). Reloading events...
2025-04-29T15:59:05.803Z [INFO]: Event file messageReactionAdd.js changed (change). Reloading events...
2025-04-29T15:59:05.904Z [INFO]: Loaded event: guildMemberAdd
2025-04-29T15:59:05.905Z [INFO]: Loaded event: guildMemberRemove
2025-04-29T15:59:05.906Z [INFO]: Loaded event: messageReactionAdd
2025-04-29T15:59:05.908Z [INFO]: Loaded event: voiceStateUpdate
2025-04-29T15:59:05.908Z [INFO]: Total 4 events loaded.
2025-04-29T15:59:05.908Z [INFO]: Events reloaded successfully.
2025-04-29T15:59:05.909Z [INFO]: Loaded event: guildMemberAdd
2025-04-29T15:59:05.910Z [INFO]: Loaded event: guildMemberRemove
2025-04-29T15:59:05.911Z [INFO]: Loaded event: messageReactionAdd
2025-04-29T15:59:05.913Z [INFO]: Loaded event: voiceStateUpdate
2025-04-29T15:59:05.913Z [INFO]: Total 4 events loaded.
2025-04-29T15:59:05.913Z [INFO]: Events reloaded successfully.
2025-04-29T15:59:05.915Z [INFO]: Loaded event: guildMemberAdd
2025-04-29T15:59:05.915Z [INFO]: Loaded event: guildMemberRemove
2025-04-29T15:59:05.916Z [INFO]: Loaded event: messageReactionAdd
2025-04-29T15:59:05.917Z [INFO]: Loaded event: voiceStateUpdate
2025-04-29T15:59:05.918Z [INFO]: Total 4 events loaded.
2025-04-29T15:59:05.918Z [INFO]: Events reloaded successfully.
2025-04-29T15:59:24.782Z [INFO]: Event file messageReactionRemove.js changed (rename). Reloading events...
2025-04-29T15:59:24.887Z [INFO]: Loaded event: guildMemberAdd
2025-04-29T15:59:24.887Z [INFO]: Loaded event: guildMemberRemove
2025-04-29T15:59:24.888Z [INFO]: Loaded event: messageReactionAdd
2025-04-29T15:59:24.891Z [WARN]: Event at C:\bott3\src\events\messageReactionRemove.js missing required 'name' or 'execute' properties.
2025-04-29T15:59:24.892Z [INFO]: Loaded event: voiceStateUpdate
2025-04-29T15:59:24.892Z [INFO]: Total 4 events loaded.
2025-04-29T15:59:24.892Z [INFO]: Events reloaded successfully.
2025-04-29T16:00:06.720Z [INFO]: Event file messageReactionRemove.js changed (change). Reloading events...
2025-04-29T16:00:06.721Z [INFO]: Event file messageReactionRemove.js changed (change). Reloading events...
2025-04-29T16:00:06.722Z [INFO]: Event file messageReactionRemove.js changed (change). Reloading events...
2025-04-29T16:00:06.825Z [INFO]: Loaded event: guildMemberAdd
2025-04-29T16:00:06.839Z [INFO]: Loaded event: guildMemberRemove
2025-04-29T16:00:06.840Z [INFO]: Loaded event: messageReactionAdd
2025-04-29T16:00:06.841Z [INFO]: Loaded event: messageReactionRemove
2025-04-29T16:00:06.842Z [INFO]: Loaded event: voiceStateUpdate
2025-04-29T16:00:06.843Z [INFO]: Total 5 events loaded.
2025-04-29T16:00:06.843Z [INFO]: Events reloaded successfully.
2025-04-29T16:00:06.844Z [INFO]: Loaded event: guildMemberAdd
2025-04-29T16:00:06.845Z [INFO]: Loaded event: guildMemberRemove
2025-04-29T16:00:06.846Z [INFO]: Loaded event: messageReactionAdd
2025-04-29T16:00:06.846Z [INFO]: Loaded event: messageReactionRemove
2025-04-29T16:00:06.847Z [INFO]: Loaded event: voiceStateUpdate
2025-04-29T16:00:06.847Z [INFO]: Total 5 events loaded.
2025-04-29T16:00:06.847Z [INFO]: Events reloaded successfully.
2025-04-29T16:00:06.848Z [INFO]: Loaded event: guildMemberAdd
2025-04-29T16:00:06.849Z [INFO]: Loaded event: guildMemberRemove
2025-04-29T16:00:06.850Z [INFO]: Loaded event: messageReactionAdd
2025-04-29T16:00:06.851Z [INFO]: Loaded event: messageReactionRemove
2025-04-29T16:00:06.852Z [INFO]: Loaded event: voiceStateUpdate
2025-04-29T16:00:06.852Z [INFO]: Total 5 events loaded.
2025-04-29T16:00:06.852Z [INFO]: Events reloaded successfully.
2025-04-29T16:00:17.525Z [INFO]: Event file messageReactionAdd.js changed (change). Reloading events...
2025-04-29T16:00:17.526Z [INFO]: Event file messageReactionAdd.js changed (change). Reloading events...
2025-04-29T16:00:17.527Z [INFO]: Event file messageReactionAdd.js changed (change). Reloading events...
2025-04-29T16:00:17.642Z [INFO]: Loaded event: guildMemberAdd
2025-04-29T16:00:17.643Z [INFO]: Loaded event: guildMemberRemove
2025-04-29T16:00:17.644Z [INFO]: Loaded event: messageReactionAdd
2025-04-29T16:00:17.645Z [INFO]: Loaded event: messageReactionRemove
2025-04-29T16:00:17.646Z [INFO]: Loaded event: voiceStateUpdate
2025-04-29T16:00:17.647Z [INFO]: Total 5 events loaded.
2025-04-29T16:00:17.647Z [INFO]: Events reloaded successfully.
2025-04-29T16:00:17.649Z [INFO]: Loaded event: guildMemberAdd
2025-04-29T16:00:17.650Z [INFO]: Loaded event: guildMemberRemove
2025-04-29T16:00:17.651Z [INFO]: Loaded event: messageReactionAdd
2025-04-29T16:00:17.652Z [INFO]: Loaded event: messageReactionRemove
2025-04-29T16:00:17.653Z [INFO]: Loaded event: voiceStateUpdate
2025-04-29T16:00:17.653Z [INFO]: Total 5 events loaded.
2025-04-29T16:00:17.653Z [INFO]: Events reloaded successfully.
2025-04-29T16:00:17.654Z [INFO]: Loaded event: guildMemberAdd
2025-04-29T16:00:17.655Z [INFO]: Loaded event: guildMemberRemove
2025-04-29T16:00:17.656Z [INFO]: Loaded event: messageReactionAdd
2025-04-29T16:00:17.657Z [INFO]: Loaded event: messageReactionRemove
2025-04-29T16:00:17.658Z [INFO]: Loaded event: voiceStateUpdate
2025-04-29T16:00:17.658Z [INFO]: Total 5 events loaded.
2025-04-29T16:00:17.658Z [INFO]: Events reloaded successfully.
2025-04-29T16:00:49.134Z [INFO]: Loaded command: refresh
2025-04-29T16:00:49.157Z [INFO]: Loaded command: setup-autorole
2025-04-29T16:00:49.160Z [INFO]: Loaded command: setup-goodbye
2025-04-29T16:00:49.163Z [INFO]: Loaded command: setup-log
2025-04-29T16:00:49.166Z [INFO]: Loaded command: setup-role-channel
2025-04-29T16:00:49.168Z [INFO]: Loaded command: setup-rule
2025-04-29T16:00:49.172Z [INFO]: Loaded command: setup-welcome
2025-04-29T16:00:49.175Z [INFO]: Loaded command: play
2025-04-29T16:00:49.178Z [INFO]: Loaded command: disablecommand
2025-04-29T16:00:49.182Z [INFO]: Đang đăng ký 9 lệnh với Discord API...
2025-04-29T16:00:49.959Z [INFO]: Đã đăng ký thành công 9 lệnh với Discord API
2025-04-29T16:00:49.962Z [INFO]: Loaded event: guildMemberAdd
2025-04-29T16:00:49.963Z [INFO]: Loaded event: guildMemberRemove
2025-04-29T16:00:49.964Z [INFO]: Loaded event: messageReactionAdd
2025-04-29T16:00:49.965Z [INFO]: Loaded event: messageReactionRemove
2025-04-29T16:00:49.966Z [INFO]: Loaded event: voiceStateUpdate
2025-04-29T16:00:49.967Z [INFO]: Total 5 events loaded.
2025-04-29T16:00:49.967Z [INFO]: Command handler initialized
2025-04-29T16:00:49.967Z [INFO]: Event handler initialized
2025-04-29T16:00:49.967Z [INFO]: Bot is starting...
2025-04-29T16:00:51.081Z [INFO]: Bot logged in as Machine Lux#4690
2025-04-29T16:00:51.350Z [INFO]: Bot is ready as Machine Lux#4690
2025-04-29T16:06:16.425Z [ERROR]: Error executing setup-role-channel: Unknown Emoji
2025-04-29T16:07:03.581Z [ERROR]: Error executing setup-role-channel: Unknown Emoji
2025-04-29T16:10:45.322Z [INFO]: Event file guildMemberAdd.js changed (change). Reloading events...
2025-04-29T16:10:45.431Z [INFO]: Loaded event: guildMemberAdd
2025-04-29T16:10:45.431Z [INFO]: Loaded event: guildMemberRemove
2025-04-29T16:10:45.432Z [INFO]: Loaded event: messageReactionAdd
2025-04-29T16:10:45.433Z [INFO]: Loaded event: messageReactionRemove
2025-04-29T16:10:45.434Z [INFO]: Loaded event: voiceStateUpdate
2025-04-29T16:10:45.434Z [INFO]: Total 5 events loaded.
2025-04-29T16:10:45.434Z [INFO]: Events reloaded successfully.
2025-04-29T16:10:45.435Z [INFO]: Event file guildMemberRemove.js changed (change). Reloading events...
2025-04-29T16:10:45.436Z [INFO]: Event file voiceStateUpdate.js changed (change). Reloading events...
2025-04-29T16:10:45.540Z [INFO]: Loaded event: guildMemberAdd
2025-04-29T16:10:45.540Z [INFO]: Loaded event: guildMemberRemove
2025-04-29T16:10:45.541Z [INFO]: Loaded event: messageReactionAdd
2025-04-29T16:10:45.541Z [INFO]: Loaded event: messageReactionRemove
2025-04-29T16:10:45.542Z [INFO]: Loaded event: voiceStateUpdate
2025-04-29T16:10:45.542Z [INFO]: Total 5 events loaded.
2025-04-29T16:10:45.542Z [INFO]: Events reloaded successfully.
2025-04-29T16:10:45.543Z [INFO]: Loaded event: guildMemberAdd
2025-04-29T16:10:45.543Z [INFO]: Loaded event: guildMemberRemove
2025-04-29T16:10:45.544Z [INFO]: Loaded event: messageReactionAdd
2025-04-29T16:10:45.544Z [INFO]: Loaded event: messageReactionRemove
2025-04-29T16:10:45.545Z [INFO]: Loaded event: voiceStateUpdate
2025-04-29T16:10:45.545Z [INFO]: Total 5 events loaded.
2025-04-29T16:10:45.545Z [INFO]: Events reloaded successfully.
2025-04-29T16:19:42.343Z [INFO]: Loaded command: refresh
2025-04-29T16:19:42.359Z [INFO]: Loaded command: setup-autorole
2025-04-29T16:19:42.362Z [INFO]: Loaded command: setup-goodbye
2025-04-29T16:19:42.364Z [INFO]: Loaded command: setup-log
2025-04-29T16:19:42.365Z [INFO]: Loaded command: setup-role-channel
2025-04-29T16:19:42.366Z [INFO]: Loaded command: setup-rule
2025-04-29T16:19:42.369Z [INFO]: Loaded command: setup-welcome
2025-04-29T16:19:42.372Z [INFO]: Loaded command: play
2025-04-29T16:19:42.374Z [INFO]: Loaded command: disablecommand
2025-04-29T16:19:42.377Z [INFO]: Đang đăng ký 9 lệnh với Discord API...
2025-04-29T16:19:43.007Z [INFO]: Đã đăng ký thành công 9 lệnh với Discord API
2025-04-29T16:19:43.010Z [INFO]: Loaded event: guildMemberAdd
2025-04-29T16:19:43.012Z [INFO]: Loaded event: guildMemberRemove
2025-04-29T16:19:43.013Z [INFO]: Loaded event: messageReactionAdd
2025-04-29T16:19:43.015Z [INFO]: Loaded event: messageReactionRemove
2025-04-29T16:19:43.017Z [INFO]: Loaded event: voiceStateUpdate
2025-04-29T16:19:43.017Z [INFO]: Total 5 events loaded.
2025-04-29T16:19:43.017Z [INFO]: Command handler initialized
2025-04-29T16:19:43.018Z [INFO]: Event handler initialized
2025-04-29T16:19:43.018Z [INFO]: Bot is starting...
2025-04-29T16:19:44.112Z [INFO]: Bot logged in as Machine Lux#4690
2025-04-29T16:19:44.656Z [INFO]: Bot is ready as Machine Lux#4690
2025-04-29T16:20:17.634Z [ERROR]: Error executing setup-role-channel: Unknown interaction
2025-04-29T16:20:17.997Z [ERROR]: Client error: Unknown interaction
2025-04-29T16:20:17.997Z [ERROR]: WebSocket error: Unknown interaction
2025-04-29T16:23:52.443Z [INFO]: Loaded command: refresh
2025-04-29T16:23:52.458Z [INFO]: Loaded command: setup-autorole
2025-04-29T16:23:52.460Z [INFO]: Loaded command: setup-goodbye
2025-04-29T16:23:52.462Z [INFO]: Loaded command: setup-log
2025-04-29T16:23:52.464Z [INFO]: Loaded command: setup-role-channel
2025-04-29T16:23:52.465Z [INFO]: Loaded command: setup-rule
2025-04-29T16:23:52.467Z [INFO]: Loaded command: setup-welcome
2025-04-29T16:23:52.468Z [INFO]: Loaded command: play
2025-04-29T16:23:52.470Z [INFO]: Loaded command: disablecommand
2025-04-29T16:23:52.473Z [INFO]: Đang đăng ký 9 lệnh với Discord API...
2025-04-29T16:23:53.071Z [INFO]: Đã đăng ký thành công 9 lệnh với Discord API
2025-04-29T16:23:53.073Z [INFO]: Loaded event: guildMemberAdd
2025-04-29T16:23:53.075Z [INFO]: Loaded event: guildMemberRemove
2025-04-29T16:23:53.076Z [INFO]: Loaded event: messageReactionAdd
2025-04-29T16:23:53.076Z [INFO]: Loaded event: messageReactionRemove
2025-04-29T16:23:53.078Z [INFO]: Loaded event: voiceStateUpdate
2025-04-29T16:23:53.078Z [INFO]: Total 5 events loaded.
2025-04-29T16:23:53.078Z [INFO]: Command handler initialized
2025-04-29T16:23:53.079Z [INFO]: Event handler initialized
2025-04-29T16:23:53.079Z [INFO]: Bot is starting...
2025-04-29T16:23:55.481Z [INFO]: Bot logged in as Machine Lux#4690
2025-04-29T16:23:55.959Z [INFO]: Bot is ready as Machine Lux#4690
2025-04-29T16:33:31.402Z [INFO]: Event file messageReactionAdd.js changed (change). Reloading events...
2025-04-29T16:33:31.404Z [INFO]: Event file messageReactionAdd.js changed (change). Reloading events...
2025-04-29T16:33:31.405Z [INFO]: Event file messageReactionAdd.js changed (change). Reloading events...
2025-04-29T16:33:31.519Z [INFO]: Loaded event: guildMemberAdd
2025-04-29T16:33:31.520Z [INFO]: Loaded event: guildMemberRemove
2025-04-29T16:33:31.521Z [INFO]: Loaded event: messageReactionAdd
2025-04-29T16:33:31.523Z [INFO]: Loaded event: messageReactionRemove
2025-04-29T16:33:31.524Z [INFO]: Loaded event: voiceStateUpdate
2025-04-29T16:33:31.525Z [INFO]: Total 5 events loaded.
2025-04-29T16:33:31.525Z [INFO]: Events reloaded successfully.
2025-04-29T16:33:31.526Z [INFO]: Loaded event: guildMemberAdd
2025-04-29T16:33:31.527Z [INFO]: Loaded event: guildMemberRemove
2025-04-29T16:33:31.528Z [INFO]: Loaded event: messageReactionAdd
2025-04-29T16:33:31.528Z [INFO]: Loaded event: messageReactionRemove
2025-04-29T16:33:31.531Z [INFO]: Loaded event: voiceStateUpdate
2025-04-29T16:33:31.531Z [INFO]: Total 5 events loaded.
2025-04-29T16:33:31.531Z [INFO]: Events reloaded successfully.
2025-04-29T16:33:31.533Z [INFO]: Loaded event: guildMemberAdd
2025-04-29T16:33:31.533Z [INFO]: Loaded event: guildMemberRemove
2025-04-29T16:33:31.534Z [INFO]: Loaded event: messageReactionAdd
2025-04-29T16:33:31.535Z [INFO]: Loaded event: messageReactionRemove
2025-04-29T16:33:31.536Z [INFO]: Loaded event: voiceStateUpdate
2025-04-29T16:33:31.536Z [INFO]: Total 5 events loaded.
2025-04-29T16:33:31.537Z [INFO]: Events reloaded successfully.
2025-04-29T16:35:17.597Z [INFO]: Loaded command: refresh
2025-04-29T16:35:17.613Z [INFO]: Loaded command: setup-autorole
2025-04-29T16:35:17.616Z [INFO]: Loaded command: setup-goodbye
2025-04-29T16:35:17.622Z [INFO]: Loaded command: setup-log
2025-04-29T16:35:17.625Z [INFO]: Loaded command: setup-role-channel
2025-04-29T16:35:17.627Z [INFO]: Loaded command: setup-rule
2025-04-29T16:35:17.628Z [INFO]: Loaded command: setup-welcome
2025-04-29T16:35:17.631Z [INFO]: Loaded command: play
2025-04-29T16:35:17.634Z [INFO]: Loaded command: disablecommand
2025-04-29T16:35:17.637Z [INFO]: Đang đăng ký 9 lệnh với Discord API...
2025-04-29T16:35:18.152Z [INFO]: Đã đăng ký thành công 9 lệnh với Discord API
2025-04-29T16:35:18.155Z [INFO]: Loaded event: guildMemberAdd
2025-04-29T16:35:18.156Z [INFO]: Loaded event: guildMemberRemove
2025-04-29T16:35:18.157Z [INFO]: Loaded event: messageReactionAdd
2025-04-29T16:35:18.158Z [INFO]: Loaded event: messageReactionRemove
2025-04-29T16:35:18.159Z [INFO]: Loaded event: voiceStateUpdate
2025-04-29T16:35:18.159Z [INFO]: Total 5 events loaded.
2025-04-29T16:35:18.160Z [INFO]: Command handler initialized
2025-04-29T16:35:18.160Z [INFO]: Event handler initialized
2025-04-29T16:35:18.160Z [INFO]: Bot is starting...
2025-04-29T16:35:19.202Z [INFO]: Bot logged in as Machine Lux#4690
2025-04-29T16:35:19.501Z [INFO]: Bot is ready as Machine Lux#4690
2025-04-29T16:40:48.095Z [INFO]: Event file messageReactionRemove.js changed (change). Reloading events...
2025-04-29T16:40:48.096Z [INFO]: Event file messageReactionRemove.js changed (change). Reloading events...
2025-04-29T16:40:48.097Z [INFO]: Event file messageReactionRemove.js changed (change). Reloading events...
2025-04-29T16:40:48.202Z [INFO]: Loaded event: guildMemberAdd
2025-04-29T16:40:48.202Z [INFO]: Loaded event: guildMemberRemove
2025-04-29T16:40:48.203Z [INFO]: Loaded event: messageReactionAdd
2025-04-29T16:40:48.203Z [INFO]: Loaded event: messageReactionRemove
2025-04-29T16:40:48.204Z [INFO]: Loaded event: voiceStateUpdate
2025-04-29T16:40:48.204Z [INFO]: Total 5 events loaded.
2025-04-29T16:40:48.204Z [INFO]: Events reloaded successfully.
2025-04-29T16:40:48.205Z [INFO]: Loaded event: guildMemberAdd
2025-04-29T16:40:48.205Z [INFO]: Loaded event: guildMemberRemove
2025-04-29T16:40:48.206Z [INFO]: Loaded event: messageReactionAdd
2025-04-29T16:40:48.207Z [INFO]: Loaded event: messageReactionRemove
2025-04-29T16:40:48.208Z [INFO]: Loaded event: voiceStateUpdate
2025-04-29T16:40:48.208Z [INFO]: Total 5 events loaded.
2025-04-29T16:40:48.208Z [INFO]: Events reloaded successfully.
2025-04-29T16:40:48.209Z [INFO]: Loaded event: guildMemberAdd
2025-04-29T16:40:48.210Z [INFO]: Loaded event: guildMemberRemove
2025-04-29T16:40:48.210Z [INFO]: Loaded event: messageReactionAdd
2025-04-29T16:40:48.211Z [INFO]: Loaded event: messageReactionRemove
2025-04-29T16:40:48.212Z [INFO]: Loaded event: voiceStateUpdate
2025-04-29T16:40:48.212Z [INFO]: Total 5 events loaded.
2025-04-29T16:40:48.212Z [INFO]: Events reloaded successfully.
2025-04-29T16:41:04.694Z [INFO]: Event file messageReactionAdd.js changed (change). Reloading events...
2025-04-29T16:41:04.695Z [INFO]: Event file messageReactionAdd.js changed (change). Reloading events...
2025-04-29T16:41:04.695Z [INFO]: Event file messageReactionAdd.js changed (change). Reloading events...
2025-04-29T16:41:04.797Z [INFO]: Loaded event: guildMemberAdd
2025-04-29T16:41:04.797Z [INFO]: Loaded event: guildMemberRemove
2025-04-29T16:41:04.798Z [INFO]: Loaded event: messageReactionAdd
2025-04-29T16:41:04.798Z [INFO]: Loaded event: messageReactionRemove
2025-04-29T16:41:04.799Z [INFO]: Loaded event: voiceStateUpdate
2025-04-29T16:41:04.799Z [INFO]: Total 5 events loaded.
2025-04-29T16:41:04.799Z [INFO]: Events reloaded successfully.
2025-04-29T16:41:04.800Z [INFO]: Loaded event: guildMemberAdd
2025-04-29T16:41:04.800Z [INFO]: Loaded event: guildMemberRemove
2025-04-29T16:41:04.800Z [INFO]: Loaded event: messageReactionAdd
2025-04-29T16:41:04.801Z [INFO]: Loaded event: messageReactionRemove
2025-04-29T16:41:04.801Z [INFO]: Loaded event: voiceStateUpdate
2025-04-29T16:41:04.801Z [INFO]: Total 5 events loaded.
2025-04-29T16:41:04.801Z [INFO]: Events reloaded successfully.
2025-04-29T16:41:04.802Z [INFO]: Loaded event: guildMemberAdd
2025-04-29T16:41:04.803Z [INFO]: Loaded event: guildMemberRemove
2025-04-29T16:41:04.803Z [INFO]: Loaded event: messageReactionAdd
2025-04-29T16:41:04.804Z [INFO]: Loaded event: messageReactionRemove
2025-04-29T16:41:04.805Z [INFO]: Loaded event: voiceStateUpdate
2025-04-29T16:41:04.805Z [INFO]: Total 5 events loaded.
2025-04-29T16:41:04.805Z [INFO]: Events reloaded successfully.
2025-04-29T16:44:18.755Z [INFO]: Event file messageReactionAdd.js changed (change). Reloading events...
2025-04-29T16:44:18.755Z [INFO]: Event file messageReactionAdd.js changed (change). Reloading events...
2025-04-29T16:44:18.756Z [INFO]: Event file messageReactionAdd.js changed (change). Reloading events...
2025-04-29T16:44:18.856Z [INFO]: Loaded event: guildMemberAdd
2025-04-29T16:44:18.856Z [INFO]: Loaded event: guildMemberRemove
2025-04-29T16:44:18.857Z [INFO]: Loaded event: messageReactionAdd
2025-04-29T16:44:18.857Z [INFO]: Loaded event: messageReactionRemove
2025-04-29T16:44:18.858Z [INFO]: Loaded event: voiceStateUpdate
2025-04-29T16:44:18.858Z [INFO]: Total 5 events loaded.
2025-04-29T16:44:18.858Z [INFO]: Events reloaded successfully.
2025-04-29T16:44:18.859Z [INFO]: Loaded event: guildMemberAdd
2025-04-29T16:44:18.860Z [INFO]: Loaded event: guildMemberRemove
2025-04-29T16:44:18.861Z [INFO]: Loaded event: messageReactionAdd
2025-04-29T16:44:18.861Z [INFO]: Loaded event: messageReactionRemove
2025-04-29T16:44:18.862Z [INFO]: Loaded event: voiceStateUpdate
2025-04-29T16:44:18.862Z [INFO]: Total 5 events loaded.
2025-04-29T16:44:18.862Z [INFO]: Events reloaded successfully.
2025-04-29T16:44:18.864Z [INFO]: Loaded event: guildMemberAdd
2025-04-29T16:44:18.864Z [INFO]: Loaded event: guildMemberRemove
2025-04-29T16:44:18.865Z [INFO]: Loaded event: messageReactionAdd
2025-04-29T16:44:18.865Z [INFO]: Loaded event: messageReactionRemove
2025-04-29T16:44:18.866Z [INFO]: Loaded event: voiceStateUpdate
2025-04-29T16:44:18.866Z [INFO]: Total 5 events loaded.
2025-04-29T16:44:18.866Z [INFO]: Events reloaded successfully.
2025-04-29T16:44:53.718Z [INFO]: Loaded command: refresh
2025-04-29T16:44:53.730Z [INFO]: Loaded command: setup-autorole
2025-04-29T16:44:53.732Z [INFO]: Loaded command: setup-goodbye
2025-04-29T16:44:53.733Z [INFO]: Loaded command: setup-log
2025-04-29T16:44:53.735Z [INFO]: Loaded command: setup-role-channel
2025-04-29T16:44:53.737Z [INFO]: Loaded command: setup-rule
2025-04-29T16:44:53.739Z [INFO]: Loaded command: setup-welcome
2025-04-29T16:44:53.741Z [INFO]: Loaded command: play
2025-04-29T16:44:53.743Z [INFO]: Loaded command: disablecommand
2025-04-29T16:44:53.746Z [INFO]: Đang đăng ký 9 lệnh với Discord API...
2025-04-29T16:44:54.411Z [INFO]: Đã đăng ký thành công 9 lệnh với Discord API
2025-04-29T16:44:54.413Z [INFO]: Loaded event: guildMemberAdd
2025-04-29T16:44:54.414Z [INFO]: Loaded event: guildMemberRemove
2025-04-29T16:44:54.415Z [INFO]: Loaded event: messageReactionAdd
2025-04-29T16:44:54.416Z [INFO]: Loaded event: messageReactionRemove
2025-04-29T16:44:54.417Z [INFO]: Loaded event: voiceStateUpdate
2025-04-29T16:44:54.418Z [INFO]: Total 5 events loaded.
2025-04-29T16:44:54.418Z [INFO]: Command handler initialized
2025-04-29T16:44:54.418Z [INFO]: Event handler initialized
2025-04-29T16:44:54.418Z [INFO]: Bot is starting...
2025-04-29T16:44:55.525Z [INFO]: Bot logged in as Machine Lux#4690
2025-04-29T16:44:56.090Z [INFO]: Bot is ready as Machine Lux#4690
2025-04-29T16:59:01.913Z [INFO]: Loaded command: refresh
2025-04-29T16:59:01.925Z [INFO]: Loaded command: setup-autorole
2025-04-29T16:59:01.927Z [INFO]: Loaded command: setup-goodbye
2025-04-29T16:59:01.929Z [INFO]: Loaded command: setup-log
2025-04-29T16:59:01.930Z [INFO]: Loaded command: setup-role-channel
2025-04-29T16:59:01.932Z [INFO]: Loaded command: setup-rule
2025-04-29T16:59:01.934Z [INFO]: Loaded command: setup-welcome
2025-04-29T16:59:01.935Z [INFO]: Loaded command: play
2025-04-29T16:59:01.937Z [INFO]: Loaded command: disablecommand
2025-04-29T16:59:01.939Z [INFO]: Đang đăng ký 9 lệnh với Discord API...
2025-04-29T16:59:02.489Z [INFO]: Đã đăng ký thành công 9 lệnh với Discord API
2025-04-29T16:59:02.491Z [INFO]: Loaded event: guildMemberAdd
2025-04-29T16:59:02.493Z [INFO]: Loaded event: guildMemberRemove
2025-04-29T16:59:02.494Z [INFO]: Loaded event: messageReactionAdd
2025-04-29T16:59:02.495Z [INFO]: Loaded event: messageReactionRemove
2025-04-29T16:59:02.497Z [INFO]: Loaded event: voiceStateUpdate
2025-04-29T16:59:02.497Z [INFO]: Total 5 events loaded.
2025-04-29T16:59:02.497Z [INFO]: Command handler initialized
2025-04-29T16:59:02.498Z [INFO]: Event handler initialized
2025-04-29T16:59:02.498Z [INFO]: Bot is starting...
2025-04-29T16:59:03.608Z [INFO]: Bot logged in as Machine Lux#4690
2025-04-29T16:59:04.346Z [INFO]: Bot is ready as Machine Lux#4690
2025-04-29T17:13:03.484Z [INFO]: Event file guildMemberAdd.js changed (change). Reloading events...
2025-04-29T17:13:03.585Z [INFO]: Loaded event: guildMemberAdd
2025-04-29T17:13:03.586Z [INFO]: Loaded event: guildMemberRemove
2025-04-29T17:13:03.587Z [INFO]: Loaded event: messageReactionAdd
2025-04-29T17:13:03.587Z [INFO]: Loaded event: messageReactionRemove
2025-04-29T17:13:03.589Z [INFO]: Loaded event: voiceStateUpdate
2025-04-29T17:13:03.590Z [INFO]: Total 5 events loaded.
2025-04-29T17:13:03.591Z [INFO]: Events reloaded successfully.
2025-04-29T17:13:03.593Z [INFO]: Event file guildMemberRemove.js changed (change). Reloading events...
2025-04-29T17:13:03.594Z [INFO]: Event file voiceStateUpdate.js changed (change). Reloading events...
2025-04-29T17:13:03.695Z [INFO]: Loaded event: guildMemberAdd
2025-04-29T17:13:03.696Z [INFO]: Loaded event: guildMemberRemove
2025-04-29T17:13:03.697Z [INFO]: Loaded event: messageReactionAdd
2025-04-29T17:13:03.698Z [INFO]: Loaded event: messageReactionRemove
2025-04-29T17:13:03.698Z [INFO]: Loaded event: voiceStateUpdate
2025-04-29T17:13:03.698Z [INFO]: Total 5 events loaded.
2025-04-29T17:13:03.699Z [INFO]: Events reloaded successfully.
2025-04-29T17:13:03.700Z [INFO]: Loaded event: guildMemberAdd
2025-04-29T17:13:03.701Z [INFO]: Loaded event: guildMemberRemove
2025-04-29T17:13:03.702Z [INFO]: Loaded event: messageReactionAdd
2025-04-29T17:13:03.703Z [INFO]: Loaded event: messageReactionRemove
2025-04-29T17:13:03.705Z [INFO]: Loaded event: voiceStateUpdate
2025-04-29T17:13:03.705Z [INFO]: Total 5 events loaded.
2025-04-29T17:13:03.706Z [INFO]: Events reloaded successfully.
2025-04-29T17:13:08.543Z [INFO]: Event file guildMemberAdd.js changed (change). Reloading events...
2025-04-29T17:13:08.544Z [INFO]: Event file guildMemberAdd.js changed (change). Reloading events...
2025-04-29T17:13:08.544Z [INFO]: Event file guildMemberAdd.js changed (change). Reloading events...
2025-04-29T17:13:08.650Z [INFO]: Loaded event: guildMemberAdd
2025-04-29T17:13:08.651Z [INFO]: Loaded event: guildMemberRemove
2025-04-29T17:13:08.652Z [INFO]: Loaded event: messageReactionAdd
2025-04-29T17:13:08.654Z [INFO]: Loaded event: messageReactionRemove
2025-04-29T17:13:08.656Z [INFO]: Loaded event: voiceStateUpdate
2025-04-29T17:13:08.656Z [INFO]: Total 5 events loaded.
2025-04-29T17:13:08.656Z [INFO]: Events reloaded successfully.
2025-04-29T17:13:08.658Z [INFO]: Loaded event: guildMemberAdd
2025-04-29T17:13:08.659Z [INFO]: Loaded event: guildMemberRemove
2025-04-29T17:13:08.661Z [INFO]: Loaded event: messageReactionAdd
2025-04-29T17:13:08.662Z [INFO]: Loaded event: messageReactionRemove
2025-04-29T17:13:08.663Z [INFO]: Loaded event: voiceStateUpdate
2025-04-29T17:13:08.663Z [INFO]: Total 5 events loaded.
2025-04-29T17:13:08.663Z [INFO]: Events reloaded successfully.
2025-04-29T17:13:08.664Z [INFO]: Loaded event: guildMemberAdd
2025-04-29T17:13:08.665Z [INFO]: Loaded event: guildMemberRemove
2025-04-29T17:13:08.667Z [INFO]: Loaded event: messageReactionAdd
2025-04-29T17:13:08.668Z [INFO]: Loaded event: messageReactionRemove
2025-04-29T17:13:08.669Z [INFO]: Loaded event: voiceStateUpdate
2025-04-29T17:13:08.669Z [INFO]: Total 5 events loaded.
2025-04-29T17:13:08.670Z [INFO]: Events reloaded successfully.
2025-04-29T17:13:30.598Z [INFO]: Loaded command: refresh
2025-04-29T17:13:30.613Z [INFO]: Loaded command: setup-autorole
2025-04-29T17:13:30.615Z [INFO]: Loaded command: setup-goodbye
2025-04-29T17:13:30.616Z [INFO]: Loaded command: setup-log
2025-04-29T17:13:30.618Z [INFO]: Loaded command: setup-role-channel
2025-04-29T17:13:30.620Z [INFO]: Loaded command: setup-rule
2025-04-29T17:13:30.621Z [INFO]: Loaded command: setup-welcome
2025-04-29T17:13:30.622Z [INFO]: Loaded command: play
2025-04-29T17:13:30.624Z [INFO]: Loaded command: disablecommand
2025-04-29T17:13:30.627Z [INFO]: Đang đăng ký 9 lệnh với Discord API...
2025-04-29T17:13:31.257Z [INFO]: Đã đăng ký thành công 9 lệnh với Discord API
2025-04-29T17:13:31.260Z [INFO]: Loaded event: guildMemberAdd
2025-04-29T17:13:31.261Z [INFO]: Loaded event: guildMemberRemove
2025-04-29T17:13:31.262Z [INFO]: Loaded event: messageReactionAdd
2025-04-29T17:13:31.263Z [INFO]: Loaded event: messageReactionRemove
2025-04-29T17:13:31.265Z [INFO]: Loaded event: voiceStateUpdate
2025-04-29T17:13:31.265Z [INFO]: Total 5 events loaded.
2025-04-29T17:13:31.265Z [INFO]: Command handler initialized
2025-04-29T17:13:31.266Z [INFO]: Event handler initialized
2025-04-29T17:13:31.266Z [INFO]: Bot is starting...
2025-04-29T17:13:33.677Z [INFO]: Bot logged in as Machine Lux#4690
2025-04-29T17:13:34.175Z [INFO]: Bot is ready as Machine Lux#4690
2025-04-30T04:50:07.909Z [INFO]: Loaded command: refresh
2025-04-30T04:50:07.932Z [INFO]: Loaded command: setup-autorole
2025-04-30T04:50:07.934Z [INFO]: Loaded command: setup-goodbye
2025-04-30T04:50:07.935Z [INFO]: Loaded command: setup-log
2025-04-30T04:50:07.937Z [INFO]: Loaded command: setup-role-channel
2025-04-30T04:50:07.940Z [INFO]: Loaded command: setup-rule
2025-04-30T04:50:07.972Z [INFO]: Loaded command: setup-welcome
2025-04-30T04:50:07.976Z [INFO]: Loaded command: play
2025-04-30T04:50:07.979Z [INFO]: Loaded command: disablecommand
2025-04-30T04:50:07.982Z [INFO]: Đang đăng ký 9 lệnh với Discord API...
2025-04-30T04:50:08.590Z [INFO]: Đã đăng ký thành công 9 lệnh với Discord API
2025-04-30T04:50:08.592Z [INFO]: Loaded event: guildMemberAdd
2025-04-30T04:50:08.593Z [INFO]: Loaded event: guildMemberRemove
2025-04-30T04:50:08.594Z [INFO]: Loaded event: messageReactionAdd
2025-04-30T04:50:08.595Z [INFO]: Loaded event: messageReactionRemove
2025-04-30T04:50:08.597Z [INFO]: Loaded event: voiceStateUpdate
2025-04-30T04:50:08.598Z [INFO]: Total 5 events loaded.
2025-04-30T04:50:08.598Z [INFO]: Command handler initialized
2025-04-30T04:50:08.598Z [INFO]: Event handler initialized
2025-04-30T04:50:08.598Z [INFO]: Bot is starting...
2025-04-30T04:50:08.606Z [INFO]: Event file guildMemberRemove.js changed (change). Reloading events...
2025-04-30T04:50:08.607Z [INFO]: Event file messageReactionAdd.js changed (change). Reloading events...
2025-04-30T04:50:08.608Z [INFO]: Event file messageReactionRemove.js changed (change). Reloading events...
2025-04-30T04:50:08.608Z [INFO]: Event file voiceStateUpdate.js changed (change). Reloading events...
2025-04-30T04:50:08.709Z [INFO]: Loaded event: guildMemberAdd
2025-04-30T04:50:08.709Z [INFO]: Loaded event: guildMemberRemove
2025-04-30T04:50:08.710Z [INFO]: Loaded event: messageReactionAdd
2025-04-30T04:50:08.710Z [INFO]: Loaded event: messageReactionRemove
2025-04-30T04:50:08.711Z [INFO]: Loaded event: voiceStateUpdate
2025-04-30T04:50:08.711Z [INFO]: Total 5 events loaded.
2025-04-30T04:50:08.712Z [INFO]: Events reloaded successfully.
2025-04-30T04:50:08.712Z [INFO]: Loaded event: guildMemberAdd
2025-04-30T04:50:08.713Z [INFO]: Loaded event: guildMemberRemove
2025-04-30T04:50:08.713Z [INFO]: Loaded event: messageReactionAdd
2025-04-30T04:50:08.713Z [INFO]: Loaded event: messageReactionRemove
2025-04-30T04:50:08.714Z [INFO]: Loaded event: voiceStateUpdate
2025-04-30T04:50:08.714Z [INFO]: Total 5 events loaded.
2025-04-30T04:50:08.715Z [INFO]: Events reloaded successfully.
2025-04-30T04:50:08.715Z [INFO]: Loaded event: guildMemberAdd
2025-04-30T04:50:08.716Z [INFO]: Loaded event: guildMemberRemove
2025-04-30T04:50:08.717Z [INFO]: Loaded event: messageReactionAdd
2025-04-30T04:50:08.717Z [INFO]: Loaded event: messageReactionRemove
2025-04-30T04:50:08.718Z [INFO]: Loaded event: voiceStateUpdate
2025-04-30T04:50:08.718Z [INFO]: Total 5 events loaded.
2025-04-30T04:50:08.719Z [INFO]: Events reloaded successfully.
2025-04-30T04:50:08.719Z [INFO]: Loaded event: guildMemberAdd
2025-04-30T04:50:08.720Z [INFO]: Loaded event: guildMemberRemove
2025-04-30T04:50:08.721Z [INFO]: Loaded event: messageReactionAdd
2025-04-30T04:50:08.722Z [INFO]: Loaded event: messageReactionRemove
2025-04-30T04:50:08.723Z [INFO]: Loaded event: voiceStateUpdate
2025-04-30T04:50:08.723Z [INFO]: Total 5 events loaded.
2025-04-30T04:50:08.724Z [INFO]: Events reloaded successfully.
2025-04-30T04:50:09.670Z [INFO]: Bot logged in as Machine Lux#4690
2025-04-30T04:50:10.382Z [INFO]: Bot is ready as Machine Lux#4690
2025-04-30T04:58:58.146Z [INFO]: Loaded command: ban
2025-04-30T04:58:58.150Z [INFO]: Loaded command: kick
2025-04-30T04:58:58.152Z [INFO]: Loaded command: mute
2025-04-30T04:58:58.154Z [INFO]: Loaded command: refresh
2025-04-30T04:58:58.167Z [INFO]: Loaded command: setup-autorole
2025-04-30T04:58:58.168Z [INFO]: Loaded command: setup-goodbye
2025-04-30T04:58:58.170Z [INFO]: Loaded command: setup-log
2025-04-30T04:58:58.172Z [INFO]: Loaded command: setup-role-channel
2025-04-30T04:58:58.173Z [INFO]: Loaded command: setup-rule
2025-04-30T04:58:58.175Z [INFO]: Loaded command: setup-welcome
2025-04-30T04:58:58.176Z [INFO]: Loaded command: unban
2025-04-30T04:58:58.178Z [INFO]: Loaded command: unmute
2025-04-30T04:58:58.180Z [INFO]: Loaded command: play
2025-04-30T04:58:58.182Z [INFO]: Loaded command: disablecommand
2025-04-30T04:58:58.184Z [INFO]: Đang đăng ký 14 lệnh với Discord API...
2025-04-30T04:58:58.801Z [INFO]: Đã đăng ký thành công 14 lệnh với Discord API
2025-04-30T04:58:58.805Z [INFO]: Loaded event: guildMemberAdd
2025-04-30T04:58:58.806Z [INFO]: Loaded event: guildMemberRemove
2025-04-30T04:58:58.807Z [INFO]: Loaded event: messageReactionAdd
2025-04-30T04:58:58.809Z [INFO]: Loaded event: messageReactionRemove
2025-04-30T04:58:58.811Z [INFO]: Loaded event: voiceStateUpdate
2025-04-30T04:58:58.811Z [INFO]: Total 5 events loaded.
2025-04-30T04:58:58.811Z [INFO]: Command handler initialized
2025-04-30T04:58:58.811Z [INFO]: Event handler initialized
2025-04-30T04:58:58.812Z [INFO]: Bot is starting...
2025-04-30T04:59:01.366Z [INFO]: Bot logged in as Machine Lux#4690
2025-04-30T04:59:01.652Z [INFO]: Bot is ready as Machine Lux#4690
2025-04-30T16:28:18.616Z [INFO]: Loaded command: ban
2025-04-30T16:28:18.620Z [INFO]: Loaded command: kick
2025-04-30T16:28:18.623Z [INFO]: Loaded command: mute
2025-04-30T16:28:18.625Z [INFO]: Loaded command: refresh
2025-04-30T16:28:18.634Z [INFO]: Loaded command: setup-autorole
2025-04-30T16:28:18.636Z [INFO]: Loaded command: setup-goodbye
2025-04-30T16:28:18.637Z [INFO]: Loaded command: setup-log
2025-04-30T16:28:18.639Z [INFO]: Loaded command: setup-role-channel
2025-04-30T16:28:18.641Z [INFO]: Loaded command: setup-rule
2025-04-30T16:28:18.643Z [INFO]: Loaded command: setup-welcome
2025-04-30T16:28:18.644Z [INFO]: Loaded command: unban
2025-04-30T16:28:18.647Z [INFO]: Loaded command: unmute
2025-04-30T16:28:18.649Z [INFO]: Loaded command: play
2025-04-30T16:28:18.650Z [INFO]: Loaded command: disablecommand
2025-04-30T16:28:18.652Z [INFO]: Loaded command: server-info
2025-04-30T16:28:18.655Z [INFO]: Loaded command: setup-stats-channel
2025-04-30T16:28:18.656Z [INFO]: Loaded command: user-info
2025-04-30T16:28:18.658Z [INFO]: Đang đăng ký 17 lệnh với Discord API...
2025-04-30T16:28:19.326Z [INFO]: Đã đăng ký thành công 17 lệnh với Discord API
2025-04-30T16:28:19.332Z [INFO]: Loaded event: guildMemberAdd
2025-04-30T16:28:19.333Z [INFO]: Loaded event: guildMemberRemove
2025-04-30T16:28:19.336Z [INFO]: Loaded event: messageReactionAdd
2025-04-30T16:28:19.337Z [INFO]: Loaded event: messageReactionRemove
2025-04-30T16:28:19.339Z [INFO]: Loaded event: ready
2025-04-30T16:28:19.341Z [INFO]: Loaded event: voiceStateUpdate
2025-04-30T16:28:19.341Z [INFO]: Total 6 events loaded.
2025-04-30T16:28:19.341Z [INFO]: Command handler initialized
2025-04-30T16:28:19.342Z [INFO]: Event handler initialized
2025-04-30T16:28:19.342Z [INFO]: Bot is starting...
2025-04-30T16:28:19.351Z [INFO]: Event file guildMemberAdd.js changed (change). Reloading events...
2025-04-30T16:28:19.352Z [INFO]: Event file guildMemberRemove.js changed (change). Reloading events...
2025-04-30T16:28:19.353Z [INFO]: Event file messageReactionAdd.js changed (change). Reloading events...
2025-04-30T16:28:19.354Z [INFO]: Event file messageReactionRemove.js changed (change). Reloading events...
2025-04-30T16:28:19.355Z [INFO]: Event file voiceStateUpdate.js changed (change). Reloading events...
2025-04-30T16:28:19.464Z [INFO]: Loaded event: guildMemberAdd
2025-04-30T16:28:19.466Z [INFO]: Loaded event: guildMemberRemove
2025-04-30T16:28:19.468Z [INFO]: Loaded event: messageReactionAdd
2025-04-30T16:28:19.470Z [INFO]: Loaded event: messageReactionRemove
2025-04-30T16:28:19.471Z [INFO]: Loaded event: ready
2025-04-30T16:28:19.474Z [INFO]: Loaded event: voiceStateUpdate
2025-04-30T16:28:19.475Z [INFO]: Total 6 events loaded.
2025-04-30T16:28:19.476Z [INFO]: Events reloaded successfully.
2025-04-30T16:28:19.479Z [INFO]: Loaded event: guildMemberAdd
2025-04-30T16:28:19.481Z [INFO]: Loaded event: guildMemberRemove
2025-04-30T16:28:19.483Z [INFO]: Loaded event: messageReactionAdd
2025-04-30T16:28:19.485Z [INFO]: Loaded event: messageReactionRemove
2025-04-30T16:28:19.488Z [INFO]: Loaded event: ready
2025-04-30T16:28:19.491Z [INFO]: Loaded event: voiceStateUpdate
2025-04-30T16:28:19.492Z [INFO]: Total 6 events loaded.
2025-04-30T16:28:19.493Z [INFO]: Events reloaded successfully.
2025-04-30T16:28:19.498Z [INFO]: Loaded event: guildMemberAdd
2025-04-30T16:28:19.502Z [INFO]: Loaded event: guildMemberRemove
2025-04-30T16:28:19.504Z [INFO]: Loaded event: messageReactionAdd
2025-04-30T16:28:19.507Z [INFO]: Loaded event: messageReactionRemove
2025-04-30T16:28:19.510Z [INFO]: Loaded event: ready
2025-04-30T16:28:19.518Z [INFO]: Loaded event: voiceStateUpdate
2025-04-30T16:28:19.519Z [INFO]: Total 6 events loaded.
2025-04-30T16:28:19.520Z [INFO]: Events reloaded successfully.
2025-04-30T16:28:19.524Z [INFO]: Loaded event: guildMemberAdd
2025-04-30T16:28:19.527Z [INFO]: Loaded event: guildMemberRemove
2025-04-30T16:28:19.531Z [INFO]: Loaded event: messageReactionAdd
2025-04-30T16:28:19.533Z [INFO]: Loaded event: messageReactionRemove
2025-04-30T16:28:19.538Z [INFO]: Loaded event: ready
2025-04-30T16:28:19.542Z [INFO]: Loaded event: voiceStateUpdate
2025-04-30T16:28:19.543Z [INFO]: Total 6 events loaded.
2025-04-30T16:28:19.545Z [INFO]: Events reloaded successfully.
2025-04-30T16:28:19.552Z [INFO]: Loaded event: guildMemberAdd
2025-04-30T16:28:19.557Z [INFO]: Loaded event: guildMemberRemove
2025-04-30T16:28:19.560Z [INFO]: Loaded event: messageReactionAdd
2025-04-30T16:28:19.563Z [INFO]: Loaded event: messageReactionRemove
2025-04-30T16:28:19.565Z [INFO]: Loaded event: ready
2025-04-30T16:28:19.568Z [INFO]: Loaded event: voiceStateUpdate
2025-04-30T16:28:19.569Z [INFO]: Total 6 events loaded.
2025-04-30T16:28:19.571Z [INFO]: Events reloaded successfully.
2025-04-30T16:28:20.474Z [INFO]: Bot logged in as Machine Lux#4690
2025-04-30T16:35:44.335Z [INFO]: Loaded command: ban
2025-04-30T16:35:44.338Z [INFO]: Loaded command: kick
2025-04-30T16:35:44.340Z [INFO]: Loaded command: mute
2025-04-30T16:35:44.343Z [INFO]: Loaded command: refresh
2025-04-30T16:35:44.354Z [INFO]: Loaded command: setup-autorole
2025-04-30T16:35:44.356Z [INFO]: Loaded command: setup-goodbye
2025-04-30T16:35:44.357Z [INFO]: Loaded command: setup-log
2025-04-30T16:35:44.358Z [INFO]: Loaded command: setup-role-channel
2025-04-30T16:35:44.359Z [INFO]: Loaded command: setup-rule
2025-04-30T16:35:44.360Z [INFO]: Loaded command: setup-welcome
2025-04-30T16:35:44.362Z [INFO]: Loaded command: unban
2025-04-30T16:35:44.364Z [INFO]: Loaded command: unmute
2025-04-30T16:35:44.366Z [INFO]: Loaded command: play
2025-04-30T16:35:44.384Z [INFO]: Loaded command: disablecommand
2025-04-30T16:35:44.385Z [INFO]: Loaded command: server-info
2025-04-30T16:35:44.411Z [INFO]: Loaded command: setup-stats-channel
2025-04-30T16:35:44.412Z [INFO]: Loaded command: user-info
2025-04-30T16:35:44.415Z [INFO]: Đang đăng ký 17 lệnh với Discord API...
2025-04-30T16:35:44.955Z [INFO]: Đã đăng ký thành công 17 lệnh với Discord API
2025-04-30T16:35:44.958Z [INFO]: Loaded event: guildMemberAdd
2025-04-30T16:35:44.959Z [INFO]: Loaded event: guildMemberRemove
2025-04-30T16:35:44.961Z [INFO]: Loaded event: messageReactionAdd
2025-04-30T16:35:44.962Z [INFO]: Loaded event: messageReactionRemove
2025-04-30T16:35:44.963Z [INFO]: Loaded event: ready
2025-04-30T16:35:44.964Z [INFO]: Loaded event: voiceStateUpdate
2025-04-30T16:35:44.965Z [INFO]: Total 6 events loaded.
2025-04-30T16:35:44.965Z [INFO]: Command handler initialized
2025-04-30T16:35:44.965Z [INFO]: Event handler initialized
2025-04-30T16:35:44.966Z [INFO]: Bot is starting...
2025-04-30T16:35:46.080Z [INFO]: Bot logged in as Machine Lux#4690
2025-04-30T16:35:46.506Z [INFO]: Bot is ready as Machine Lux#4690
2025-04-30T16:38:11.951Z [INFO]: Event file statsUpdater.js changed (change). Reloading events...
2025-04-30T16:38:11.952Z [INFO]: Event file statsUpdater.js changed (change). Reloading events...
2025-04-30T16:38:11.952Z [INFO]: Event file statsUpdater.js changed (change). Reloading events...
2025-04-30T16:38:12.064Z [INFO]: Loaded event: guildMemberAdd
2025-04-30T16:38:12.065Z [INFO]: Loaded event: guildMemberRemove
2025-04-30T16:38:12.066Z [INFO]: Loaded event: messageReactionAdd
2025-04-30T16:38:12.066Z [INFO]: Loaded event: messageReactionRemove
2025-04-30T16:38:12.067Z [INFO]: Loaded event: ready
2025-04-30T16:38:12.067Z [INFO]: Loaded event: voiceStateUpdate
2025-04-30T16:38:12.068Z [INFO]: Total 6 events loaded.
2025-04-30T16:38:12.068Z [INFO]: Events reloaded successfully.
2025-04-30T16:38:12.069Z [INFO]: Loaded event: guildMemberAdd
2025-04-30T16:38:12.069Z [INFO]: Loaded event: guildMemberRemove
2025-04-30T16:38:12.070Z [INFO]: Loaded event: messageReactionAdd
2025-04-30T16:38:12.071Z [INFO]: Loaded event: messageReactionRemove
2025-04-30T16:38:12.072Z [INFO]: Loaded event: ready
2025-04-30T16:38:12.073Z [INFO]: Loaded event: voiceStateUpdate
2025-04-30T16:38:12.073Z [INFO]: Total 6 events loaded.
2025-04-30T16:38:12.073Z [INFO]: Events reloaded successfully.
2025-04-30T16:38:12.074Z [INFO]: Loaded event: guildMemberAdd
2025-04-30T16:38:12.074Z [INFO]: Loaded event: guildMemberRemove
2025-04-30T16:38:12.075Z [INFO]: Loaded event: messageReactionAdd
2025-04-30T16:38:12.075Z [INFO]: Loaded event: messageReactionRemove
2025-04-30T16:38:12.076Z [INFO]: Loaded event: ready
2025-04-30T16:38:12.076Z [INFO]: Loaded event: voiceStateUpdate
2025-04-30T16:38:12.077Z [INFO]: Total 6 events loaded.
2025-04-30T16:38:12.077Z [INFO]: Events reloaded successfully.
2025-04-30T16:38:56.816Z [INFO]: Loaded command: ban
2025-04-30T16:38:56.819Z [INFO]: Loaded command: kick
2025-04-30T16:38:56.822Z [INFO]: Loaded command: mute
2025-04-30T16:38:56.823Z [INFO]: Loaded command: refresh
2025-04-30T16:38:56.834Z [INFO]: Loaded command: setup-autorole
2025-04-30T16:38:56.836Z [INFO]: Loaded command: setup-goodbye
2025-04-30T16:38:56.837Z [INFO]: Loaded command: setup-log
2025-04-30T16:38:56.839Z [INFO]: Loaded command: setup-role-channel
2025-04-30T16:38:56.840Z [INFO]: Loaded command: setup-rule
2025-04-30T16:38:56.841Z [INFO]: Loaded command: setup-welcome
2025-04-30T16:38:56.842Z [INFO]: Loaded command: unban
2025-04-30T16:38:56.844Z [INFO]: Loaded command: unmute
2025-04-30T16:38:56.845Z [INFO]: Loaded command: play
2025-04-30T16:38:56.846Z [INFO]: Loaded command: disablecommand
2025-04-30T16:38:56.847Z [INFO]: Loaded command: server-info
2025-04-30T16:38:56.848Z [INFO]: Loaded command: setup-stats-channel
2025-04-30T16:38:56.850Z [INFO]: Loaded command: user-info
2025-04-30T16:38:56.852Z [INFO]: Đang đăng ký 17 lệnh với Discord API...
2025-04-30T16:38:57.554Z [INFO]: Đã đăng ký thành công 17 lệnh với Discord API
2025-04-30T16:38:57.558Z [INFO]: Loaded event: guildMemberAdd
2025-04-30T16:38:57.559Z [INFO]: Loaded event: guildMemberRemove
2025-04-30T16:38:57.561Z [INFO]: Loaded event: messageReactionAdd
2025-04-30T16:38:57.562Z [INFO]: Loaded event: messageReactionRemove
2025-04-30T16:38:57.564Z [INFO]: Loaded event: ready
2025-04-30T16:38:57.566Z [INFO]: Loaded event: voiceStateUpdate
2025-04-30T16:38:57.566Z [INFO]: Total 6 events loaded.
2025-04-30T16:38:57.567Z [INFO]: Command handler initialized
2025-04-30T16:38:57.567Z [INFO]: Event handler initialized
2025-04-30T16:38:57.568Z [INFO]: Bot is starting...
2025-04-30T16:38:58.893Z [INFO]: Bot logged in as Machine Lux#4690
2025-04-30T16:38:59.284Z [INFO]: Bot is ready as Machine Lux#4690
2025-04-30T16:51:32.716Z [INFO]: Event file statsUpdater.js changed (change). Reloading events...
2025-04-30T16:51:32.717Z [INFO]: Event file statsUpdater.js changed (change). Reloading events...
2025-04-30T16:51:32.718Z [INFO]: Event file statsUpdater.js changed (change). Reloading events...
2025-04-30T16:51:32.821Z [INFO]: Loaded event: guildMemberAdd
2025-04-30T16:51:32.822Z [INFO]: Loaded event: guildMemberRemove
2025-04-30T16:51:32.823Z [INFO]: Loaded event: messageReactionAdd
2025-04-30T16:51:32.823Z [INFO]: Loaded event: messageReactionRemove
2025-04-30T16:51:32.824Z [INFO]: Loaded event: statsUpdater
2025-04-30T16:51:32.824Z [INFO]: Loaded event: voiceStateUpdate
2025-04-30T16:51:32.825Z [INFO]: Total 6 events loaded.
2025-04-30T16:51:32.825Z [INFO]: Events reloaded successfully.
2025-04-30T16:51:32.825Z [INFO]: Loaded event: guildMemberAdd
2025-04-30T16:51:32.826Z [INFO]: Loaded event: guildMemberRemove
2025-04-30T16:51:32.826Z [INFO]: Loaded event: messageReactionAdd
2025-04-30T16:51:32.827Z [INFO]: Loaded event: messageReactionRemove
2025-04-30T16:51:32.827Z [INFO]: Loaded event: statsUpdater
2025-04-30T16:51:32.828Z [INFO]: Loaded event: voiceStateUpdate
2025-04-30T16:51:32.828Z [INFO]: Total 6 events loaded.
2025-04-30T16:51:32.828Z [INFO]: Events reloaded successfully.
2025-04-30T16:51:32.830Z [INFO]: Loaded event: guildMemberAdd
2025-04-30T16:51:32.830Z [INFO]: Loaded event: guildMemberRemove
2025-04-30T16:51:32.831Z [INFO]: Loaded event: messageReactionAdd
2025-04-30T16:51:32.832Z [INFO]: Loaded event: messageReactionRemove
2025-04-30T16:51:32.833Z [INFO]: Loaded event: statsUpdater
2025-04-30T16:51:32.834Z [INFO]: Loaded event: voiceStateUpdate
2025-04-30T16:51:32.834Z [INFO]: Total 6 events loaded.
2025-04-30T16:51:32.834Z [INFO]: Events reloaded successfully.
2025-05-01T05:32:35.298Z [INFO]: Loaded command: ban
2025-05-01T05:32:35.301Z [INFO]: Loaded command: kick
2025-05-01T05:32:35.303Z [INFO]: Loaded command: mute
2025-05-01T05:32:35.305Z [INFO]: Loaded command: refresh
2025-05-01T05:32:35.315Z [INFO]: Loaded command: setup-autorole
2025-05-01T05:32:35.317Z [INFO]: Loaded command: setup-goodbye
2025-05-01T05:32:35.318Z [INFO]: Loaded command: setup-log
2025-05-01T05:32:35.319Z [INFO]: Loaded command: setup-role-channel
2025-05-01T05:32:35.321Z [INFO]: Loaded command: setup-rule
2025-05-01T05:32:35.323Z [INFO]: Loaded command: setup-welcome
2025-05-01T05:32:35.324Z [INFO]: Loaded command: unban
2025-05-01T05:32:35.326Z [INFO]: Loaded command: unmute
2025-05-01T05:32:35.327Z [INFO]: Loaded command: play
2025-05-01T05:32:35.329Z [INFO]: Loaded command: disablecommand
2025-05-01T05:32:35.331Z [INFO]: Loaded command: server-info
2025-05-01T05:32:35.333Z [INFO]: Loaded command: setup-stats-channel
2025-05-01T05:32:35.334Z [INFO]: Loaded command: user-info
2025-05-01T05:32:35.337Z [INFO]: Đang đăng ký 17 lệnh với Discord API...
2025-05-01T05:32:35.929Z [INFO]: Đã đăng ký thành công 17 lệnh với Discord API
2025-05-01T05:32:35.932Z [INFO]: Loaded event: guildMemberAdd
2025-05-01T05:32:35.933Z [INFO]: Loaded event: guildMemberRemove
2025-05-01T05:32:35.935Z [INFO]: Loaded event: messageReactionAdd
2025-05-01T05:32:35.936Z [INFO]: Loaded event: messageReactionRemove
2025-05-01T05:32:35.937Z [INFO]: Loaded event: statsUpdater
2025-05-01T05:32:35.939Z [INFO]: Loaded event: voiceStateUpdate
2025-05-01T05:32:35.940Z [INFO]: Total 6 events loaded.
2025-05-01T05:32:35.940Z [INFO]: Command handler initialized
2025-05-01T05:32:35.940Z [INFO]: Event handler initialized
2025-05-01T05:32:35.941Z [INFO]: Bot is starting...
2025-05-01T05:32:35.947Z [INFO]: Event file guildMemberAdd.js changed (change). Reloading events...
2025-05-01T05:32:35.948Z [INFO]: Event file guildMemberRemove.js changed (change). Reloading events...
2025-05-01T05:32:35.949Z [INFO]: Event file messageReactionAdd.js changed (change). Reloading events...
2025-05-01T05:32:35.950Z [INFO]: Event file messageReactionRemove.js changed (change). Reloading events...
2025-05-01T05:32:35.951Z [INFO]: Event file statsUpdater.js changed (change). Reloading events...
2025-05-01T05:32:35.951Z [INFO]: Event file voiceStateUpdate.js changed (change). Reloading events...
2025-05-01T05:32:36.049Z [INFO]: Loaded event: guildMemberAdd
2025-05-01T05:32:36.050Z [INFO]: Loaded event: guildMemberRemove
2025-05-01T05:32:36.050Z [INFO]: Loaded event: messageReactionAdd
2025-05-01T05:32:36.051Z [INFO]: Loaded event: messageReactionRemove
2025-05-01T05:32:36.051Z [INFO]: Loaded event: statsUpdater
2025-05-01T05:32:36.052Z [INFO]: Loaded event: voiceStateUpdate
2025-05-01T05:32:36.052Z [INFO]: Total 6 events loaded.
2025-05-01T05:32:36.052Z [INFO]: Events reloaded successfully.
2025-05-01T05:32:36.052Z [INFO]: Loaded event: guildMemberAdd
2025-05-01T05:32:36.053Z [INFO]: Loaded event: guildMemberRemove
2025-05-01T05:32:36.053Z [INFO]: Loaded event: messageReactionAdd
2025-05-01T05:32:36.053Z [INFO]: Loaded event: messageReactionRemove
2025-05-01T05:32:36.054Z [INFO]: Loaded event: statsUpdater
2025-05-01T05:32:36.054Z [INFO]: Loaded event: voiceStateUpdate
2025-05-01T05:32:36.054Z [INFO]: Total 6 events loaded.
2025-05-01T05:32:36.055Z [INFO]: Events reloaded successfully.
2025-05-01T05:32:36.055Z [INFO]: Loaded event: guildMemberAdd
2025-05-01T05:32:36.056Z [INFO]: Loaded event: guildMemberRemove
2025-05-01T05:32:36.056Z [INFO]: Loaded event: messageReactionAdd
2025-05-01T05:32:36.057Z [INFO]: Loaded event: messageReactionRemove
2025-05-01T05:32:36.057Z [INFO]: Loaded event: statsUpdater
2025-05-01T05:32:36.058Z [INFO]: Loaded event: voiceStateUpdate
2025-05-01T05:32:36.058Z [INFO]: Total 6 events loaded.
2025-05-01T05:32:36.059Z [INFO]: Events reloaded successfully.
2025-05-01T05:32:36.059Z [INFO]: Loaded event: guildMemberAdd
2025-05-01T05:32:36.060Z [INFO]: Loaded event: guildMemberRemove
2025-05-01T05:32:36.060Z [INFO]: Loaded event: messageReactionAdd
2025-05-01T05:32:36.061Z [INFO]: Loaded event: messageReactionRemove
2025-05-01T05:32:36.061Z [INFO]: Loaded event: statsUpdater
2025-05-01T05:32:36.062Z [INFO]: Loaded event: voiceStateUpdate
2025-05-01T05:32:36.062Z [INFO]: Total 6 events loaded.
2025-05-01T05:32:36.062Z [INFO]: Events reloaded successfully.
2025-05-01T05:32:36.063Z [INFO]: Loaded event: guildMemberAdd
2025-05-01T05:32:36.063Z [INFO]: Loaded event: guildMemberRemove
2025-05-01T05:32:36.064Z [INFO]: Loaded event: messageReactionAdd
2025-05-01T05:32:36.064Z [INFO]: Loaded event: messageReactionRemove
2025-05-01T05:32:36.065Z [INFO]: Loaded event: statsUpdater
2025-05-01T05:32:36.066Z [INFO]: Loaded event: voiceStateUpdate
2025-05-01T05:32:36.066Z [INFO]: Total 6 events loaded.
2025-05-01T05:32:36.066Z [INFO]: Events reloaded successfully.
2025-05-01T05:32:36.067Z [INFO]: Loaded event: guildMemberAdd
2025-05-01T05:32:36.067Z [INFO]: Loaded event: guildMemberRemove
2025-05-01T05:32:36.068Z [INFO]: Loaded event: messageReactionAdd
2025-05-01T05:32:36.068Z [INFO]: Loaded event: messageReactionRemove
2025-05-01T05:32:36.069Z [INFO]: Loaded event: statsUpdater
2025-05-01T05:32:36.069Z [INFO]: Loaded event: voiceStateUpdate
2025-05-01T05:32:36.069Z [INFO]: Total 6 events loaded.
2025-05-01T05:32:36.069Z [INFO]: Events reloaded successfully.
2025-05-01T05:32:37.039Z [INFO]: Bot logged in as Machine Lux#4690
2025-05-01T05:32:37.682Z [INFO]: Bot is ready as Machine Lux#4690
2025-05-01T05:36:02.372Z [INFO]: Event file statsUpdater.js changed (change). Reloading events...
2025-05-01T05:36:02.373Z [INFO]: Event file statsUpdater.js changed (change). Reloading events...
2025-05-01T05:36:02.374Z [INFO]: Event file statsUpdater.js changed (change). Reloading events...
2025-05-01T05:36:02.476Z [INFO]: Loaded event: guildMemberAdd
2025-05-01T05:36:02.477Z [INFO]: Loaded event: guildMemberRemove
2025-05-01T05:36:02.477Z [INFO]: Loaded event: messageReactionAdd
2025-05-01T05:36:02.478Z [INFO]: Loaded event: messageReactionRemove
2025-05-01T05:36:02.478Z [INFO]: Loaded event: statsUpdater
2025-05-01T05:36:02.479Z [INFO]: Loaded event: voiceStateUpdate
2025-05-01T05:36:02.479Z [INFO]: Total 6 events loaded.
2025-05-01T05:36:02.479Z [INFO]: Events reloaded successfully.
2025-05-01T05:36:02.479Z [INFO]: Loaded event: guildMemberAdd
2025-05-01T05:36:02.480Z [INFO]: Loaded event: guildMemberRemove
2025-05-01T05:36:02.480Z [INFO]: Loaded event: messageReactionAdd
2025-05-01T05:36:02.480Z [INFO]: Loaded event: messageReactionRemove
2025-05-01T05:36:02.481Z [INFO]: Loaded event: statsUpdater
2025-05-01T05:36:02.482Z [INFO]: Loaded event: voiceStateUpdate
2025-05-01T05:36:02.482Z [INFO]: Total 6 events loaded.
2025-05-01T05:36:02.482Z [INFO]: Events reloaded successfully.
2025-05-01T05:36:02.483Z [INFO]: Loaded event: guildMemberAdd
2025-05-01T05:36:02.484Z [INFO]: Loaded event: guildMemberRemove
2025-05-01T05:36:02.485Z [INFO]: Loaded event: messageReactionAdd
2025-05-01T05:36:02.485Z [INFO]: Loaded event: messageReactionRemove
2025-05-01T05:36:02.486Z [INFO]: Loaded event: statsUpdater
2025-05-01T05:36:02.486Z [INFO]: Loaded event: voiceStateUpdate
2025-05-01T05:36:02.486Z [INFO]: Total 6 events loaded.
2025-05-01T05:36:02.487Z [INFO]: Events reloaded successfully.
2025-05-01T05:41:15.753Z [INFO]: Loaded command: ban
2025-05-01T05:41:15.756Z [INFO]: Loaded command: kick
2025-05-01T05:41:15.758Z [INFO]: Loaded command: mute
2025-05-01T05:41:15.760Z [INFO]: Loaded command: refresh
2025-05-01T05:41:15.772Z [INFO]: Loaded command: setup-autorole
2025-05-01T05:41:15.773Z [INFO]: Loaded command: setup-goodbye
2025-05-01T05:41:15.775Z [INFO]: Loaded command: setup-log
2025-05-01T05:41:15.776Z [INFO]: Loaded command: setup-role-channel
2025-05-01T05:41:15.777Z [INFO]: Loaded command: setup-rule
2025-05-01T05:41:15.779Z [INFO]: Loaded command: setup-welcome
2025-05-01T05:41:15.780Z [INFO]: Loaded command: unban
2025-05-01T05:41:15.781Z [INFO]: Loaded command: unmute
2025-05-01T05:41:15.783Z [INFO]: Loaded command: play
2025-05-01T05:41:15.785Z [INFO]: Loaded command: disablecommand
2025-05-01T05:41:15.786Z [INFO]: Loaded command: server-info
2025-05-01T05:41:15.787Z [INFO]: Loaded command: setup-stats-channel
2025-05-01T05:41:15.788Z [INFO]: Loaded command: user-info
2025-05-01T05:41:15.791Z [INFO]: Đang đăng ký 17 lệnh với Discord API...
2025-05-01T05:41:16.335Z [INFO]: Đã đăng ký thành công 17 lệnh với Discord API
2025-05-01T05:41:16.340Z [INFO]: Loaded event: guildMemberAdd
2025-05-01T05:41:16.341Z [INFO]: Loaded event: guildMemberRemove
2025-05-01T05:41:16.342Z [INFO]: Loaded event: messageReactionAdd
2025-05-01T05:41:16.344Z [INFO]: Loaded event: messageReactionRemove
2025-05-01T05:41:16.345Z [INFO]: Loaded event: statsUpdater
2025-05-01T05:41:16.347Z [INFO]: Loaded event: voiceStateUpdate
2025-05-01T05:41:16.347Z [INFO]: Total 6 events loaded.
2025-05-01T05:41:16.347Z [INFO]: Command handler initialized
2025-05-01T05:41:16.348Z [INFO]: Event handler initialized
2025-05-01T05:41:16.348Z [INFO]: Bot is starting...
2025-05-01T05:41:17.405Z [INFO]: Bot logged in as Machine Lux#4690
2025-05-01T05:41:17.691Z [INFO]: Bot is ready as Machine Lux#4690
2025-05-01T05:46:48.709Z [INFO]: Loaded command: ban
2025-05-01T05:46:48.713Z [INFO]: Loaded command: kick
2025-05-01T05:46:48.714Z [INFO]: Loaded command: mute
2025-05-01T05:46:48.716Z [INFO]: Loaded command: refresh
2025-05-01T05:46:48.728Z [INFO]: Loaded command: setup-autorole
2025-05-01T05:46:48.730Z [INFO]: Loaded command: setup-goodbye
2025-05-01T05:46:48.732Z [INFO]: Loaded command: setup-log
2025-05-01T05:46:48.733Z [INFO]: Loaded command: setup-role-channel
2025-05-01T05:46:48.734Z [INFO]: Loaded command: setup-rule
2025-05-01T05:46:48.736Z [INFO]: Loaded command: setup-welcome
2025-05-01T05:46:48.737Z [INFO]: Loaded command: unban
2025-05-01T05:46:48.739Z [INFO]: Loaded command: unmute
2025-05-01T05:46:48.741Z [INFO]: Loaded command: play
2025-05-01T05:46:48.742Z [INFO]: Loaded command: disablecommand
2025-05-01T05:46:48.743Z [INFO]: Loaded command: server-info
2025-05-01T05:46:48.745Z [INFO]: Loaded command: setup-stats-channel
2025-05-01T05:46:48.746Z [INFO]: Loaded command: user-info
2025-05-01T05:46:48.748Z [INFO]: Đang đăng ký 17 lệnh với Discord API...
2025-05-01T05:46:49.260Z [INFO]: Đã đăng ký thành công 17 lệnh với Discord API
2025-05-01T05:46:49.263Z [INFO]: Loaded event: guildMemberAdd
2025-05-01T05:46:49.264Z [INFO]: Loaded event: guildMemberRemove
2025-05-01T05:46:49.265Z [INFO]: Loaded event: messageReactionAdd
2025-05-01T05:46:49.266Z [INFO]: Loaded event: messageReactionRemove
2025-05-01T05:46:49.266Z [INFO]: Loaded event: statsUpdater
2025-05-01T05:46:49.268Z [INFO]: Loaded event: voiceStateUpdate
2025-05-01T05:46:49.268Z [INFO]: Total 6 events loaded.
2025-05-01T05:46:49.268Z [INFO]: Command handler initialized
2025-05-01T05:46:49.268Z [INFO]: Event handler initialized
2025-05-01T05:46:49.269Z [INFO]: Bot is starting...
2025-05-01T05:46:50.332Z [INFO]: Bot logged in as Machine Lux#4690
2025-05-01T05:46:51.162Z [INFO]: Bot is ready as Machine Lux#4690
2025-05-01T07:23:08.879Z [INFO]: Event file statsUpdater.js changed (change). Reloading events...
2025-05-01T07:23:09.124Z [INFO]: Loaded event: guildMemberAdd
2025-05-01T07:23:09.126Z [INFO]: Loaded event: guildMemberRemove
2025-05-01T07:23:09.127Z [INFO]: Loaded event: messageReactionAdd
2025-05-01T07:23:09.128Z [INFO]: Loaded event: messageReactionRemove
2025-05-01T07:23:09.130Z [INFO]: Loaded event: statsUpdater
2025-05-01T07:23:09.133Z [INFO]: Loaded event: voiceStateUpdate
2025-05-01T07:23:09.133Z [INFO]: Total 6 events loaded.
2025-05-01T07:23:09.134Z [INFO]: Events reloaded successfully.
2025-05-01T07:23:09.135Z [INFO]: Event file statsUpdater.js changed (change). Reloading events...
2025-05-01T07:23:09.137Z [INFO]: Event file statsUpdater.js changed (change). Reloading events...
2025-05-01T07:23:09.138Z [INFO]: Event file guildMemberAdd.js changed (change). Reloading events...
2025-05-01T07:23:09.139Z [INFO]: Event file guildMemberRemove.js changed (change). Reloading events...
2025-05-01T07:23:09.140Z [INFO]: Event file messageReactionAdd.js changed (change). Reloading events...
2025-05-01T07:23:09.141Z [INFO]: Event file messageReactionRemove.js changed (change). Reloading events...
2025-05-01T07:23:09.141Z [INFO]: Event file voiceStateUpdate.js changed (change). Reloading events...
2025-05-01T07:23:09.242Z [INFO]: Loaded event: guildMemberAdd
2025-05-01T07:23:09.243Z [INFO]: Loaded event: guildMemberRemove
2025-05-01T07:23:09.244Z [INFO]: Loaded event: messageReactionAdd
2025-05-01T07:23:09.244Z [INFO]: Loaded event: messageReactionRemove
2025-05-01T07:23:09.245Z [INFO]: Loaded event: statsUpdater
2025-05-01T07:23:09.248Z [INFO]: Loaded event: voiceStateUpdate
2025-05-01T07:23:09.248Z [INFO]: Total 6 events loaded.
2025-05-01T07:23:09.249Z [INFO]: Events reloaded successfully.
2025-05-01T07:23:09.250Z [INFO]: Loaded event: guildMemberAdd
2025-05-01T07:23:09.252Z [INFO]: Loaded event: guildMemberRemove
2025-05-01T07:23:09.253Z [INFO]: Loaded event: messageReactionAdd
2025-05-01T07:23:09.258Z [INFO]: Loaded event: messageReactionRemove
2025-05-01T07:23:09.259Z [INFO]: Loaded event: statsUpdater
2025-05-01T07:23:09.261Z [INFO]: Loaded event: voiceStateUpdate
2025-05-01T07:23:09.261Z [INFO]: Total 6 events loaded.
2025-05-01T07:23:09.262Z [INFO]: Events reloaded successfully.
2025-05-01T07:23:09.263Z [INFO]: Loaded event: guildMemberAdd
2025-05-01T07:23:09.264Z [INFO]: Loaded event: guildMemberRemove
2025-05-01T07:23:09.264Z [INFO]: Loaded event: messageReactionAdd
2025-05-01T07:23:09.265Z [INFO]: Loaded event: messageReactionRemove
2025-05-01T07:23:09.266Z [INFO]: Loaded event: statsUpdater
2025-05-01T07:23:09.267Z [INFO]: Loaded event: voiceStateUpdate
2025-05-01T07:23:09.267Z [INFO]: Total 6 events loaded.
2025-05-01T07:23:09.268Z [INFO]: Events reloaded successfully.
2025-05-01T07:23:09.269Z [INFO]: Loaded event: guildMemberAdd
2025-05-01T07:23:09.270Z [INFO]: Loaded event: guildMemberRemove
2025-05-01T07:23:09.271Z [INFO]: Loaded event: messageReactionAdd
2025-05-01T07:23:09.272Z [INFO]: Loaded event: messageReactionRemove
2025-05-01T07:23:09.273Z [INFO]: Loaded event: statsUpdater
2025-05-01T07:23:09.274Z [INFO]: Loaded event: voiceStateUpdate
2025-05-01T07:23:09.274Z [INFO]: Total 6 events loaded.
2025-05-01T07:23:09.274Z [INFO]: Events reloaded successfully.
2025-05-01T07:23:09.276Z [INFO]: Loaded event: guildMemberAdd
2025-05-01T07:23:09.286Z [INFO]: Loaded event: guildMemberRemove
2025-05-01T07:23:09.286Z [INFO]: Loaded event: messageReactionAdd
2025-05-01T07:23:09.287Z [INFO]: Loaded event: messageReactionRemove
2025-05-01T07:23:09.289Z [INFO]: Loaded event: statsUpdater
2025-05-01T07:23:09.290Z [INFO]: Loaded event: voiceStateUpdate
2025-05-01T07:23:09.290Z [INFO]: Total 6 events loaded.
2025-05-01T07:23:09.291Z [INFO]: Events reloaded successfully.
2025-05-01T07:23:09.292Z [INFO]: Loaded event: guildMemberAdd
2025-05-01T07:23:09.293Z [INFO]: Loaded event: guildMemberRemove
2025-05-01T07:23:09.293Z [INFO]: Loaded event: messageReactionAdd
2025-05-01T07:23:09.294Z [INFO]: Loaded event: messageReactionRemove
2025-05-01T07:23:09.295Z [INFO]: Loaded event: statsUpdater
2025-05-01T07:23:09.297Z [INFO]: Loaded event: voiceStateUpdate
2025-05-01T07:23:09.297Z [INFO]: Total 6 events loaded.
2025-05-01T07:23:09.297Z [INFO]: Events reloaded successfully.
2025-05-01T07:23:09.298Z [INFO]: Loaded event: guildMemberAdd
2025-05-01T07:23:09.299Z [INFO]: Loaded event: guildMemberRemove
2025-05-01T07:23:09.299Z [INFO]: Loaded event: messageReactionAdd
2025-05-01T07:23:09.299Z [INFO]: Loaded event: messageReactionRemove
2025-05-01T07:23:09.300Z [INFO]: Loaded event: statsUpdater
2025-05-01T07:23:09.301Z [INFO]: Loaded event: voiceStateUpdate
2025-05-01T07:23:09.302Z [INFO]: Total 6 events loaded.
2025-05-01T07:23:09.302Z [INFO]: Events reloaded successfully.
2025-05-01T07:23:42.347Z [INFO]: Loaded command: disablecommand
2025-05-01T07:23:42.352Z [INFO]: Loaded command: refresh
2025-05-01T07:23:42.368Z [INFO]: Loaded command: setup-autorole
2025-05-01T07:23:42.370Z [INFO]: Loaded command: setup-goodbye
2025-05-01T07:23:42.373Z [INFO]: Loaded command: setup-log
2025-05-01T07:23:42.375Z [INFO]: Loaded command: setup-role-channel
2025-05-01T07:23:42.377Z [INFO]: Loaded command: setup-rule
2025-05-01T07:23:42.378Z [INFO]: Loaded command: setup-welcome
2025-05-01T07:23:42.381Z [INFO]: Loaded command: play
2025-05-01T07:23:42.389Z [INFO]: Loaded command: ban
2025-05-01T07:23:42.397Z [INFO]: Loaded command: kick
2025-05-01T07:23:42.399Z [INFO]: Loaded command: mute
2025-05-01T07:23:42.401Z [INFO]: Loaded command: server-info
2025-05-01T07:23:42.404Z [INFO]: Loaded command: setup-stats-channel
2025-05-01T07:23:42.406Z [INFO]: Loaded command: unban
2025-05-01T07:23:42.408Z [INFO]: Loaded command: unmute
2025-05-01T07:23:42.410Z [INFO]: Loaded command: user-info
2025-05-01T07:23:42.414Z [INFO]: Đang đăng ký 17 lệnh với Discord API...
2025-05-01T07:23:42.970Z [INFO]: Đã đăng ký thành công 17 lệnh với Discord API
2025-05-01T07:23:42.974Z [INFO]: Loaded event: guildMemberAdd
2025-05-01T07:23:42.975Z [INFO]: Loaded event: guildMemberRemove
2025-05-01T07:23:42.976Z [INFO]: Loaded event: messageReactionAdd
2025-05-01T07:23:42.977Z [INFO]: Loaded event: messageReactionRemove
2025-05-01T07:23:42.978Z [INFO]: Loaded event: statsUpdater
2025-05-01T07:23:42.979Z [INFO]: Loaded event: voiceStateUpdate
2025-05-01T07:23:42.980Z [INFO]: Total 6 events loaded.
2025-05-01T07:23:42.980Z [INFO]: Command handler initialized
2025-05-01T07:23:42.980Z [INFO]: Event handler initialized
2025-05-01T07:23:42.980Z [INFO]: Bot is starting...
2025-05-01T07:23:44.084Z [INFO]: Bot logged in as Machine Lux#4690
2025-05-01T07:23:44.584Z [INFO]: Bot is ready as Machine Lux#4690
2025-05-01T08:12:30.063Z [INFO]: Loaded command: disablecommand
2025-05-01T08:12:30.068Z [INFO]: Loaded command: refresh
2025-05-01T08:12:30.085Z [INFO]: Loaded command: setup-autorole
2025-05-01T08:12:30.087Z [INFO]: Loaded command: setup-goodbye
2025-05-01T08:12:30.089Z [INFO]: Loaded command: setup-log
2025-05-01T08:12:30.091Z [INFO]: Loaded command: setup-role-channel
2025-05-01T08:12:30.094Z [INFO]: Loaded command: setup-rule
2025-05-01T08:12:30.096Z [INFO]: Loaded command: setup-stats-channel
2025-05-01T08:12:30.098Z [INFO]: Loaded command: setup-welcome
2025-05-01T08:12:30.102Z [INFO]: Loaded command: play
2025-05-01T08:12:30.105Z [INFO]: Loaded command: ban
2025-05-01T08:12:30.108Z [INFO]: Loaded command: kick
2025-05-01T08:12:30.111Z [INFO]: Loaded command: mute
2025-05-01T08:12:30.113Z [INFO]: Loaded command: server-info
2025-05-01T08:12:30.115Z [INFO]: Loaded command: unban
2025-05-01T08:12:30.118Z [INFO]: Loaded command: unmute
2025-05-01T08:12:30.121Z [INFO]: Loaded command: user-info
2025-05-01T08:12:30.125Z [INFO]: Đang đăng ký 17 lệnh với Discord API...
2025-05-01T08:12:30.703Z [INFO]: Đã đăng ký thành công 17 lệnh với Discord API
2025-05-01T08:12:30.709Z [INFO]: Loaded event: guildMemberAdd
2025-05-01T08:12:30.711Z [INFO]: Loaded event: guildMemberRemove
2025-05-01T08:12:30.713Z [INFO]: Loaded event: messageReactionAdd
2025-05-01T08:12:30.715Z [INFO]: Loaded event: messageReactionRemove
2025-05-01T08:12:30.718Z [INFO]: Loaded event: statsUpdater
2025-05-01T08:12:30.721Z [INFO]: Loaded event: voiceStateUpdate
2025-05-01T08:12:30.721Z [INFO]: Total 6 events loaded.
2025-05-01T08:12:30.722Z [INFO]: Command handler initialized
2025-05-01T08:12:30.723Z [INFO]: Event handler initialized
2025-05-01T08:12:30.726Z [INFO]: Bot is starting...
2025-05-01T08:12:32.015Z [INFO]: Bot logged in as Machine Lux#4690
2025-05-01T08:12:32.707Z [INFO]: Bot is ready as Machine Lux#4690
2025-05-01T08:15:55.544Z [INFO]: Event file statsUpdater.js changed (change). Reloading events...
2025-05-01T08:15:55.545Z [INFO]: Event file statsUpdater.js changed (change). Reloading events...
2025-05-01T08:15:55.546Z [INFO]: Event file statsUpdater.js changed (change). Reloading events...
2025-05-01T08:15:55.651Z [INFO]: Loaded event: guildMemberAdd
2025-05-01T08:15:55.653Z [INFO]: Loaded event: guildMemberRemove
2025-05-01T08:15:55.653Z [INFO]: Loaded event: messageReactionAdd
2025-05-01T08:15:55.654Z [INFO]: Loaded event: messageReactionRemove
2025-05-01T08:15:55.655Z [INFO]: Loaded event: statsUpdater
2025-05-01T08:15:55.656Z [INFO]: Loaded event: voiceStateUpdate
2025-05-01T08:15:55.656Z [INFO]: Total 6 events loaded.
2025-05-01T08:15:55.657Z [INFO]: Events reloaded successfully.
2025-05-01T08:15:55.658Z [INFO]: Loaded event: guildMemberAdd
2025-05-01T08:15:55.659Z [INFO]: Loaded event: guildMemberRemove
2025-05-01T08:15:55.660Z [INFO]: Loaded event: messageReactionAdd
2025-05-01T08:15:55.660Z [INFO]: Loaded event: messageReactionRemove
2025-05-01T08:15:55.661Z [INFO]: Loaded event: statsUpdater
2025-05-01T08:15:55.661Z [INFO]: Loaded event: voiceStateUpdate
2025-05-01T08:15:55.662Z [INFO]: Total 6 events loaded.
2025-05-01T08:15:55.662Z [INFO]: Events reloaded successfully.
2025-05-01T08:15:55.663Z [INFO]: Loaded event: guildMemberAdd
2025-05-01T08:15:55.664Z [INFO]: Loaded event: guildMemberRemove
2025-05-01T08:15:55.665Z [INFO]: Loaded event: messageReactionAdd
2025-05-01T08:15:55.666Z [INFO]: Loaded event: messageReactionRemove
2025-05-01T08:15:55.666Z [INFO]: Loaded event: statsUpdater
2025-05-01T08:15:55.667Z [INFO]: Loaded event: voiceStateUpdate
2025-05-01T08:15:55.667Z [INFO]: Total 6 events loaded.
2025-05-01T08:15:55.668Z [INFO]: Events reloaded successfully.
2025-05-01T08:16:03.324Z [INFO]: Loaded command: disablecommand
2025-05-01T08:16:03.329Z [INFO]: Loaded command: refresh
2025-05-01T08:16:03.344Z [INFO]: Loaded command: setup-autorole
2025-05-01T08:16:03.347Z [INFO]: Loaded command: setup-goodbye
2025-05-01T08:16:03.348Z [INFO]: Loaded command: setup-log
2025-05-01T08:16:03.350Z [INFO]: Loaded command: setup-role-channel
2025-05-01T08:16:03.352Z [INFO]: Loaded command: setup-rule
2025-05-01T08:16:03.354Z [INFO]: Loaded command: setup-stats-channel
2025-05-01T08:16:03.355Z [INFO]: Loaded command: setup-welcome
2025-05-01T08:16:03.356Z [INFO]: Loaded command: play
2025-05-01T08:16:03.359Z [INFO]: Loaded command: ban
2025-05-01T08:16:03.361Z [INFO]: Loaded command: kick
2025-05-01T08:16:03.362Z [INFO]: Loaded command: mute
2025-05-01T08:16:03.363Z [INFO]: Loaded command: server-info
2025-05-01T08:16:03.365Z [INFO]: Loaded command: unban
2025-05-01T08:16:03.368Z [INFO]: Loaded command: unmute
2025-05-01T08:16:03.369Z [INFO]: Loaded command: user-info
2025-05-01T08:16:03.373Z [INFO]: Đang đăng ký 17 lệnh với Discord API...
2025-05-01T08:16:03.970Z [INFO]: Đã đăng ký thành công 17 lệnh với Discord API
2025-05-01T08:16:03.973Z [INFO]: Loaded event: guildMemberAdd
2025-05-01T08:16:03.974Z [INFO]: Loaded event: guildMemberRemove
2025-05-01T08:16:03.975Z [INFO]: Loaded event: messageReactionAdd
2025-05-01T08:16:03.976Z [INFO]: Loaded event: messageReactionRemove
2025-05-01T08:16:03.977Z [INFO]: Loaded event: statsUpdater
2025-05-01T08:16:03.978Z [INFO]: Loaded event: voiceStateUpdate
2025-05-01T08:16:03.978Z [INFO]: Total 6 events loaded.
2025-05-01T08:16:03.979Z [INFO]: Command handler initialized
2025-05-01T08:16:03.979Z [INFO]: Event handler initialized
2025-05-01T08:16:03.979Z [INFO]: Bot is starting...
2025-05-01T08:16:05.158Z [INFO]: Bot logged in as Machine Lux#4690
2025-05-01T08:16:05.881Z [INFO]: Bot is ready as Machine Lux#4690
2025-05-01T08:19:23.458Z [INFO]: Event file statsUpdater.js changed (change). Reloading events...
2025-05-01T08:19:23.459Z [INFO]: Event file statsUpdater.js changed (change). Reloading events...
2025-05-01T08:19:23.460Z [INFO]: Event file statsUpdater.js changed (change). Reloading events...
2025-05-01T08:19:23.579Z [INFO]: Loaded event: guildMemberAdd
2025-05-01T08:19:23.580Z [INFO]: Loaded event: guildMemberRemove
2025-05-01T08:19:23.584Z [INFO]: Loaded event: messageReactionAdd
2025-05-01T08:19:23.585Z [INFO]: Loaded event: messageReactionRemove
2025-05-01T08:19:23.586Z [INFO]: Loaded event: statsUpdater
2025-05-01T08:19:23.591Z [INFO]: Loaded event: voiceStateUpdate
2025-05-01T08:19:23.591Z [INFO]: Total 6 events loaded.
2025-05-01T08:19:23.594Z [INFO]: Events reloaded successfully.
2025-05-01T08:19:23.597Z [INFO]: Loaded event: guildMemberAdd
2025-05-01T08:19:23.601Z [INFO]: Loaded event: guildMemberRemove
2025-05-01T08:19:23.603Z [INFO]: Loaded event: messageReactionAdd
2025-05-01T08:19:23.605Z [INFO]: Loaded event: messageReactionRemove
2025-05-01T08:19:23.607Z [INFO]: Loaded event: statsUpdater
2025-05-01T08:19:23.609Z [INFO]: Loaded event: voiceStateUpdate
2025-05-01T08:19:23.610Z [INFO]: Total 6 events loaded.
2025-05-01T08:19:23.610Z [INFO]: Events reloaded successfully.
2025-05-01T08:19:23.613Z [INFO]: Loaded event: guildMemberAdd
2025-05-01T08:19:23.615Z [INFO]: Loaded event: guildMemberRemove
2025-05-01T08:19:23.618Z [INFO]: Loaded event: messageReactionAdd
2025-05-01T08:19:23.620Z [INFO]: Loaded event: messageReactionRemove
2025-05-01T08:19:23.621Z [INFO]: Loaded event: statsUpdater
2025-05-01T08:19:23.622Z [INFO]: Loaded event: voiceStateUpdate
2025-05-01T08:19:23.623Z [INFO]: Total 6 events loaded.
2025-05-01T08:19:23.624Z [INFO]: Events reloaded successfully.
2025-05-01T08:20:50.346Z [INFO]: Event file statsUpdater.js changed (change). Reloading events...
2025-05-01T08:20:50.347Z [INFO]: Event file statsUpdater.js changed (change). Reloading events...
2025-05-01T08:20:50.348Z [INFO]: Event file statsUpdater.js changed (change). Reloading events...
2025-05-01T08:20:50.448Z [INFO]: Loaded event: guildMemberAdd
2025-05-01T08:20:50.449Z [INFO]: Loaded event: guildMemberRemove
2025-05-01T08:20:50.450Z [INFO]: Loaded event: messageReactionAdd
2025-05-01T08:20:50.451Z [INFO]: Loaded event: messageReactionRemove
2025-05-01T08:20:50.452Z [INFO]: Loaded event: statsUpdater
2025-05-01T08:20:50.453Z [INFO]: Loaded event: voiceStateUpdate
2025-05-01T08:20:50.453Z [INFO]: Total 6 events loaded.
2025-05-01T08:20:50.453Z [INFO]: Events reloaded successfully.
2025-05-01T08:20:50.454Z [INFO]: Loaded event: guildMemberAdd
2025-05-01T08:20:50.454Z [INFO]: Loaded event: guildMemberRemove
2025-05-01T08:20:50.455Z [INFO]: Loaded event: messageReactionAdd
2025-05-01T08:20:50.455Z [INFO]: Loaded event: messageReactionRemove
2025-05-01T08:20:50.457Z [INFO]: Loaded event: statsUpdater
2025-05-01T08:20:50.459Z [INFO]: Loaded event: voiceStateUpdate
2025-05-01T08:20:50.459Z [INFO]: Total 6 events loaded.
2025-05-01T08:20:50.459Z [INFO]: Events reloaded successfully.
2025-05-01T08:20:50.460Z [INFO]: Loaded event: guildMemberAdd
2025-05-01T08:20:50.461Z [INFO]: Loaded event: guildMemberRemove
2025-05-01T08:20:50.462Z [INFO]: Loaded event: messageReactionAdd
2025-05-01T08:20:50.463Z [INFO]: Loaded event: messageReactionRemove
2025-05-01T08:20:50.465Z [INFO]: Loaded event: statsUpdater
2025-05-01T08:20:50.466Z [INFO]: Loaded event: voiceStateUpdate
2025-05-01T08:20:50.467Z [INFO]: Total 6 events loaded.
2025-05-01T08:20:50.468Z [INFO]: Events reloaded successfully.
2025-05-01T08:23:19.361Z [INFO]: Loaded command: disablecommand
2025-05-01T08:23:19.365Z [INFO]: Loaded command: refresh
2025-05-01T08:23:19.379Z [INFO]: Loaded command: setup-autorole
2025-05-01T08:23:19.382Z [INFO]: Loaded command: setup-goodbye
2025-05-01T08:23:19.383Z [INFO]: Loaded command: setup-log
2025-05-01T08:23:19.385Z [INFO]: Loaded command: setup-role-channel
2025-05-01T08:23:19.386Z [INFO]: Loaded command: setup-rule
2025-05-01T08:23:19.392Z [INFO]: Loaded command: setup-stats-channel
2025-05-01T08:23:19.394Z [INFO]: Loaded command: setup-welcome
2025-05-01T08:23:19.397Z [INFO]: Loaded command: play
2025-05-01T08:23:19.399Z [INFO]: Loaded command: ban
2025-05-01T08:23:19.400Z [INFO]: Loaded command: kick
2025-05-01T08:23:19.402Z [INFO]: Loaded command: mute
2025-05-01T08:23:19.403Z [INFO]: Loaded command: server-info
2025-05-01T08:23:19.404Z [INFO]: Loaded command: unban
2025-05-01T08:23:19.406Z [INFO]: Loaded command: unmute
2025-05-01T08:23:19.407Z [INFO]: Loaded command: user-info
2025-05-01T08:23:19.410Z [INFO]: Đang đăng ký 17 lệnh với Discord API...
2025-05-01T08:23:19.963Z [INFO]: Đã đăng ký thành công 17 lệnh với Discord API
2025-05-01T08:23:19.966Z [INFO]: Loaded event: guildMemberAdd
2025-05-01T08:23:19.967Z [INFO]: Loaded event: guildMemberRemove
2025-05-01T08:23:19.968Z [INFO]: Loaded event: messageReactionAdd
2025-05-01T08:23:19.968Z [INFO]: Loaded event: messageReactionRemove
2025-05-01T08:23:19.969Z [INFO]: Loaded event: statsUpdater
2025-05-01T08:23:19.971Z [INFO]: Loaded event: voiceStateUpdate
2025-05-01T08:23:19.971Z [INFO]: Total 6 events loaded.
2025-05-01T08:23:19.971Z [INFO]: Command handler initialized
2025-05-01T08:23:19.971Z [INFO]: Event handler initialized
2025-05-01T08:23:19.972Z [INFO]: Bot is starting...
2025-05-01T08:23:19.977Z [INFO]: Event file guildMemberAdd.js changed (change). Reloading events...
2025-05-01T08:23:19.978Z [INFO]: Event file guildMemberRemove.js changed (change). Reloading events...
2025-05-01T08:23:19.979Z [INFO]: Event file messageReactionAdd.js changed (change). Reloading events...
2025-05-01T08:23:19.980Z [INFO]: Event file messageReactionRemove.js changed (change). Reloading events...
2025-05-01T08:23:19.980Z [INFO]: Event file voiceStateUpdate.js changed (change). Reloading events...
2025-05-01T08:23:20.093Z [INFO]: Loaded event: guildMemberAdd
2025-05-01T08:23:20.094Z [INFO]: Loaded event: guildMemberRemove
2025-05-01T08:23:20.094Z [INFO]: Loaded event: messageReactionAdd
2025-05-01T08:23:20.095Z [INFO]: Loaded event: messageReactionRemove
2025-05-01T08:23:20.095Z [INFO]: Loaded event: statsUpdater
2025-05-01T08:23:20.096Z [INFO]: Loaded event: voiceStateUpdate
2025-05-01T08:23:20.096Z [INFO]: Total 6 events loaded.
2025-05-01T08:23:20.097Z [INFO]: Events reloaded successfully.
2025-05-01T08:23:20.097Z [INFO]: Loaded event: guildMemberAdd
2025-05-01T08:23:20.098Z [INFO]: Loaded event: guildMemberRemove
2025-05-01T08:23:20.098Z [INFO]: Loaded event: messageReactionAdd
2025-05-01T08:23:20.098Z [INFO]: Loaded event: messageReactionRemove
2025-05-01T08:23:20.099Z [INFO]: Loaded event: statsUpdater
2025-05-01T08:23:20.099Z [INFO]: Loaded event: voiceStateUpdate
2025-05-01T08:23:20.100Z [INFO]: Total 6 events loaded.
2025-05-01T08:23:20.100Z [INFO]: Events reloaded successfully.
2025-05-01T08:23:20.101Z [INFO]: Loaded event: guildMemberAdd
2025-05-01T08:23:20.101Z [INFO]: Loaded event: guildMemberRemove
2025-05-01T08:23:20.102Z [INFO]: Loaded event: messageReactionAdd
2025-05-01T08:23:20.102Z [INFO]: Loaded event: messageReactionRemove
2025-05-01T08:23:20.103Z [INFO]: Loaded event: statsUpdater
2025-05-01T08:23:20.105Z [INFO]: Loaded event: voiceStateUpdate
2025-05-01T08:23:20.105Z [INFO]: Total 6 events loaded.
2025-05-01T08:23:20.105Z [INFO]: Events reloaded successfully.
2025-05-01T08:23:20.106Z [INFO]: Loaded event: guildMemberAdd
2025-05-01T08:23:20.106Z [INFO]: Loaded event: guildMemberRemove
2025-05-01T08:23:20.107Z [INFO]: Loaded event: messageReactionAdd
2025-05-01T08:23:20.107Z [INFO]: Loaded event: messageReactionRemove
2025-05-01T08:23:20.107Z [INFO]: Loaded event: statsUpdater
2025-05-01T08:23:20.108Z [INFO]: Loaded event: voiceStateUpdate
2025-05-01T08:23:20.108Z [INFO]: Total 6 events loaded.
2025-05-01T08:23:20.114Z [INFO]: Events reloaded successfully.
2025-05-01T08:23:20.118Z [INFO]: Loaded event: guildMemberAdd
2025-05-01T08:23:20.119Z [INFO]: Loaded event: guildMemberRemove
2025-05-01T08:23:20.120Z [INFO]: Loaded event: messageReactionAdd
2025-05-01T08:23:20.121Z [INFO]: Loaded event: messageReactionRemove
2025-05-01T08:23:20.122Z [INFO]: Loaded event: statsUpdater
2025-05-01T08:23:20.123Z [INFO]: Loaded event: voiceStateUpdate
2025-05-01T08:23:20.123Z [INFO]: Total 6 events loaded.
2025-05-01T08:23:20.124Z [INFO]: Events reloaded successfully.
2025-05-01T08:23:21.069Z [INFO]: Bot logged in as Machine Lux#4690
2025-05-01T08:23:21.660Z [INFO]: Bot is ready as Machine Lux#4690
2025-05-01T08:25:49.074Z [INFO]: Event file statsUpdater.js changed (change). Reloading events...
2025-05-01T08:25:49.075Z [INFO]: Event file statsUpdater.js changed (change). Reloading events...
2025-05-01T08:25:49.075Z [INFO]: Event file statsUpdater.js changed (change). Reloading events...
2025-05-01T08:25:49.190Z [INFO]: Loaded event: guildMemberAdd
2025-05-01T08:25:49.191Z [INFO]: Loaded event: guildMemberRemove
2025-05-01T08:25:49.192Z [INFO]: Loaded event: messageReactionAdd
2025-05-01T08:25:49.192Z [INFO]: Loaded event: messageReactionRemove
2025-05-01T08:25:49.193Z [INFO]: Loaded event: statsUpdater
2025-05-01T08:25:49.194Z [INFO]: Loaded event: voiceStateUpdate
2025-05-01T08:25:49.194Z [INFO]: Total 6 events loaded.
2025-05-01T08:25:49.194Z [INFO]: Events reloaded successfully.
2025-05-01T08:25:49.197Z [INFO]: Loaded event: guildMemberAdd
2025-05-01T08:25:49.198Z [INFO]: Loaded event: guildMemberRemove
2025-05-01T08:25:49.199Z [INFO]: Loaded event: messageReactionAdd
2025-05-01T08:25:49.199Z [INFO]: Loaded event: messageReactionRemove
2025-05-01T08:25:49.200Z [INFO]: Loaded event: statsUpdater
2025-05-01T08:25:49.200Z [INFO]: Loaded event: voiceStateUpdate
2025-05-01T08:25:49.201Z [INFO]: Total 6 events loaded.
2025-05-01T08:25:49.201Z [INFO]: Events reloaded successfully.
2025-05-01T08:25:49.203Z [INFO]: Loaded event: guildMemberAdd
2025-05-01T08:25:49.204Z [INFO]: Loaded event: guildMemberRemove
2025-05-01T08:25:49.204Z [INFO]: Loaded event: messageReactionAdd
2025-05-01T08:25:49.205Z [INFO]: Loaded event: messageReactionRemove
2025-05-01T08:25:49.205Z [INFO]: Loaded event: statsUpdater
2025-05-01T08:25:49.206Z [INFO]: Loaded event: voiceStateUpdate
2025-05-01T08:25:49.207Z [INFO]: Total 6 events loaded.
2025-05-01T08:25:49.207Z [INFO]: Events reloaded successfully.
2025-05-01T08:25:56.958Z [INFO]: Event file statsUpdater.js changed (change). Reloading events...
2025-05-01T08:25:56.961Z [INFO]: Event file statsUpdater.js changed (change). Reloading events...
2025-05-01T08:25:57.073Z [INFO]: Loaded event: guildMemberAdd
2025-05-01T08:25:57.076Z [INFO]: Loaded event: guildMemberRemove
2025-05-01T08:25:57.078Z [INFO]: Loaded event: messageReactionAdd
2025-05-01T08:25:57.081Z [INFO]: Loaded event: messageReactionRemove
2025-05-01T08:25:57.083Z [INFO]: Loaded event: statsUpdater
2025-05-01T08:25:57.086Z [INFO]: Loaded event: voiceStateUpdate
2025-05-01T08:25:57.087Z [INFO]: Total 6 events loaded.
2025-05-01T08:25:57.088Z [INFO]: Events reloaded successfully.
2025-05-01T08:25:57.091Z [INFO]: Loaded event: guildMemberAdd
2025-05-01T08:25:57.095Z [INFO]: Loaded event: guildMemberRemove
2025-05-01T08:25:57.097Z [INFO]: Loaded event: messageReactionAdd
2025-05-01T08:25:57.104Z [INFO]: Loaded event: messageReactionRemove
2025-05-01T08:25:57.116Z [INFO]: Loaded event: statsUpdater
2025-05-01T08:25:57.122Z [INFO]: Loaded event: voiceStateUpdate
2025-05-01T08:25:57.124Z [INFO]: Total 6 events loaded.
2025-05-01T08:25:57.129Z [INFO]: Events reloaded successfully.
2025-05-01T08:36:08.393Z [INFO]: Loaded command: disablecommand
2025-05-01T08:36:08.398Z [INFO]: Loaded command: refresh
2025-05-01T08:36:08.400Z [INFO]: Loaded command: setup-autorole
2025-05-01T08:36:08.402Z [INFO]: Loaded command: setup-goodbye
2025-05-01T08:36:08.403Z [INFO]: Loaded command: setup-log
2025-05-01T08:36:08.405Z [INFO]: Loaded command: setup-role-channel
2025-05-01T08:36:08.407Z [INFO]: Loaded command: setup-rule
2025-05-01T08:36:08.409Z [INFO]: Loaded command: setup-stats-channel
2025-05-01T08:36:08.411Z [INFO]: Loaded command: setup-welcome
2025-05-01T08:36:08.413Z [INFO]: Loaded command: play
2025-05-01T08:36:08.415Z [INFO]: Loaded command: ban
2025-05-01T08:36:08.417Z [INFO]: Loaded command: kick
2025-05-01T08:36:08.419Z [INFO]: Loaded command: mute
2025-05-01T08:36:08.420Z [INFO]: Loaded command: server-info
2025-05-01T08:36:08.421Z [INFO]: Loaded command: unban
2025-05-01T08:36:08.423Z [INFO]: Loaded command: unmute
2025-05-01T08:36:08.425Z [INFO]: Loaded command: user-info
2025-05-01T08:36:08.427Z [INFO]: Đang đăng ký 17 lệnh với Discord API...
2025-05-01T08:36:09.042Z [INFO]: Đã đăng ký thành công 17 lệnh với Discord API
2025-05-01T08:36:09.053Z [INFO]: Loaded event: guildMemberAdd
2025-05-01T08:36:09.059Z [INFO]: Loaded event: guildMemberRemove
2025-05-01T08:36:09.063Z [INFO]: Loaded event: messageReactionAdd
2025-05-01T08:36:09.066Z [INFO]: Loaded event: messageReactionRemove
2025-05-01T08:36:09.069Z [INFO]: Loaded event: statsUpdater
2025-05-01T08:36:09.072Z [INFO]: Loaded event: voiceStateUpdate
2025-05-01T08:36:09.073Z [INFO]: Total 6 events loaded.
2025-05-01T08:36:09.073Z [INFO]: Command handler initialized
2025-05-01T08:36:09.074Z [INFO]: Event handler initialized
2025-05-01T08:36:09.075Z [INFO]: Bot is starting...
2025-05-01T08:39:00.188Z [INFO]: Loaded command: disablecommand
2025-05-01T08:39:00.193Z [INFO]: Loaded command: refresh
2025-05-01T08:39:00.207Z [INFO]: Loaded command: setup-autorole
2025-05-01T08:39:00.209Z [INFO]: Loaded command: setup-goodbye
2025-05-01T08:39:00.210Z [INFO]: Loaded command: setup-log
2025-05-01T08:39:00.212Z [INFO]: Loaded command: setup-role-channel
2025-05-01T08:39:00.213Z [INFO]: Loaded command: setup-rule
2025-05-01T08:39:00.215Z [INFO]: Loaded command: setup-stats-channel
2025-05-01T08:39:00.217Z [INFO]: Loaded command: setup-welcome
2025-05-01T08:39:00.218Z [INFO]: Loaded command: play
2025-05-01T08:39:00.219Z [INFO]: Loaded command: ban
2025-05-01T08:39:00.221Z [INFO]: Loaded command: kick
2025-05-01T08:39:00.222Z [INFO]: Loaded command: mute
2025-05-01T08:39:00.224Z [INFO]: Loaded command: server-info
2025-05-01T08:39:00.225Z [INFO]: Loaded command: unban
2025-05-01T08:39:00.226Z [INFO]: Loaded command: unmute
2025-05-01T08:39:00.227Z [INFO]: Loaded command: user-info
2025-05-01T08:39:00.230Z [INFO]: Đang đăng ký 17 lệnh với Discord API...
2025-05-01T08:39:00.824Z [INFO]: Đã đăng ký thành công 17 lệnh với Discord API
2025-05-01T08:39:00.826Z [INFO]: Loaded event: guildMemberAdd
2025-05-01T08:39:00.827Z [INFO]: Loaded event: guildMemberRemove
2025-05-01T08:39:00.828Z [INFO]: Loaded event: messageReactionAdd
2025-05-01T08:39:00.830Z [INFO]: Loaded event: messageReactionRemove
2025-05-01T08:39:00.831Z [INFO]: Loaded event: statsUpdater
2025-05-01T08:39:00.839Z [INFO]: Loaded event: voiceStateUpdate
2025-05-01T08:39:00.840Z [INFO]: Total 6 events loaded.
2025-05-01T08:39:00.842Z [INFO]: Command handler initialized
2025-05-01T08:39:00.843Z [INFO]: Event handler initialized
2025-05-01T08:39:00.843Z [INFO]: Bot is starting...
2025-05-01T08:39:01.948Z [INFO]: Bot logged in as Machine Lux#4690
2025-05-01T08:39:02.628Z [INFO]: Bot is ready as Machine Lux#4690
2025-05-01T08:39:43.862Z [INFO]: Event file statsUpdater.js changed (change). Reloading events...
2025-05-01T08:39:43.967Z [INFO]: Loaded event: guildMemberAdd
2025-05-01T08:39:43.968Z [INFO]: Loaded event: guildMemberRemove
2025-05-01T08:39:43.969Z [INFO]: Loaded event: messageReactionAdd
2025-05-01T08:39:43.969Z [INFO]: Loaded event: messageReactionRemove
2025-05-01T08:39:43.970Z [INFO]: Loaded event: statsUpdater
2025-05-01T08:39:43.971Z [INFO]: Loaded event: voiceStateUpdate
2025-05-01T08:39:43.971Z [INFO]: Total 6 events loaded.
2025-05-01T08:39:43.972Z [INFO]: Events reloaded successfully.
2025-05-01T08:40:58.268Z [INFO]: Event file statsUpdater.js changed (change). Reloading events...
2025-05-01T08:40:58.270Z [INFO]: Event file statsUpdater.js changed (change). Reloading events...
2025-05-01T08:40:58.271Z [INFO]: Event file statsUpdater.js changed (change). Reloading events...
2025-05-01T08:40:58.371Z [INFO]: Loaded event: guildMemberAdd
2025-05-01T08:40:58.371Z [INFO]: Loaded event: guildMemberRemove
2025-05-01T08:40:58.372Z [INFO]: Loaded event: messageReactionAdd
2025-05-01T08:40:58.373Z [INFO]: Loaded event: messageReactionRemove
2025-05-01T08:40:58.374Z [INFO]: Loaded event: ready
2025-05-01T08:40:58.376Z [INFO]: Loaded event: voiceStateUpdate
2025-05-01T08:40:58.376Z [INFO]: Total 6 events loaded.
2025-05-01T08:40:58.376Z [INFO]: Events reloaded successfully.
2025-05-01T08:40:58.377Z [INFO]: Loaded event: guildMemberAdd
2025-05-01T08:40:58.378Z [INFO]: Loaded event: guildMemberRemove
2025-05-01T08:40:58.379Z [INFO]: Loaded event: messageReactionAdd
2025-05-01T08:40:58.380Z [INFO]: Loaded event: messageReactionRemove
2025-05-01T08:40:58.381Z [INFO]: Loaded event: ready
2025-05-01T08:40:58.382Z [INFO]: Loaded event: voiceStateUpdate
2025-05-01T08:40:58.382Z [INFO]: Total 6 events loaded.
2025-05-01T08:40:58.383Z [INFO]: Events reloaded successfully.
2025-05-01T08:40:58.384Z [INFO]: Loaded event: guildMemberAdd
2025-05-01T08:40:58.385Z [INFO]: Loaded event: guildMemberRemove
2025-05-01T08:40:58.386Z [INFO]: Loaded event: messageReactionAdd
2025-05-01T08:40:58.386Z [INFO]: Loaded event: messageReactionRemove
2025-05-01T08:40:58.388Z [INFO]: Loaded event: ready
2025-05-01T08:40:58.390Z [INFO]: Loaded event: voiceStateUpdate
2025-05-01T08:40:58.390Z [INFO]: Total 6 events loaded.
2025-05-01T08:40:58.391Z [INFO]: Events reloaded successfully.
2025-05-01T08:42:04.671Z [INFO]: Loaded command: disablecommand
2025-05-01T08:42:04.679Z [INFO]: Loaded command: refresh
2025-05-01T08:42:04.694Z [INFO]: Loaded command: setup-autorole
2025-05-01T08:42:04.696Z [INFO]: Loaded command: setup-goodbye
2025-05-01T08:42:04.697Z [INFO]: Loaded command: setup-log
2025-05-01T08:42:04.698Z [INFO]: Loaded command: setup-role-channel
2025-05-01T08:42:04.699Z [INFO]: Loaded command: setup-rule
2025-05-01T08:42:04.701Z [INFO]: Loaded command: setup-stats-channel
2025-05-01T08:42:04.703Z [INFO]: Loaded command: setup-welcome
2025-05-01T08:42:04.705Z [INFO]: Loaded command: play
2025-05-01T08:42:04.706Z [INFO]: Loaded command: ban
2025-05-01T08:42:04.707Z [INFO]: Loaded command: kick
2025-05-01T08:42:04.709Z [INFO]: Loaded command: mute
2025-05-01T08:42:04.710Z [INFO]: Loaded command: server-info
2025-05-01T08:42:04.712Z [INFO]: Loaded command: unban
2025-05-01T08:42:04.713Z [INFO]: Loaded command: unmute
2025-05-01T08:42:04.714Z [INFO]: Loaded command: user-info
2025-05-01T08:42:04.716Z [INFO]: Đang đăng ký 17 lệnh với Discord API...
2025-05-01T08:42:05.535Z [INFO]: Đã đăng ký thành công 17 lệnh với Discord API
2025-05-01T08:42:05.538Z [INFO]: Loaded event: guildMemberAdd
2025-05-01T08:42:05.539Z [INFO]: Loaded event: guildMemberRemove
2025-05-01T08:42:05.539Z [INFO]: Loaded event: messageReactionAdd
2025-05-01T08:42:05.540Z [INFO]: Loaded event: messageReactionRemove
2025-05-01T08:42:05.541Z [INFO]: Loaded event: ready
2025-05-01T08:42:05.543Z [INFO]: Loaded event: voiceStateUpdate
2025-05-01T08:42:05.543Z [INFO]: Total 6 events loaded.
2025-05-01T08:42:05.543Z [INFO]: Command handler initialized
2025-05-01T08:42:05.543Z [INFO]: Event handler initialized
2025-05-01T08:42:05.543Z [INFO]: Bot is starting...
2025-05-01T08:42:06.655Z [INFO]: Bot logged in as Machine Lux#4690
2025-05-01T08:42:07.464Z [INFO]: Bot is ready as Machine Lux#4690
2025-05-01T09:47:31.049Z [INFO]: Loaded command: clear
2025-05-01T09:47:31.052Z [INFO]: Loaded command: disablecommand
2025-05-01T09:47:31.054Z [INFO]: Loaded command: list-bans
2025-05-01T09:47:31.056Z [INFO]: Loaded command: lock
2025-05-01T09:47:31.059Z [INFO]: Loaded command: refresh
2025-05-01T09:47:31.072Z [INFO]: Loaded command: setup-autorole
2025-05-01T09:47:31.074Z [INFO]: Loaded command: setup-goodbye
2025-05-01T09:47:31.076Z [INFO]: Loaded command: setup-log
2025-05-01T09:47:31.078Z [INFO]: Loaded command: setup-role-channel
2025-05-01T09:47:31.080Z [INFO]: Loaded command: setup-rule
2025-05-01T09:47:31.082Z [INFO]: Loaded command: setup-stats-channel
2025-05-01T09:47:31.084Z [INFO]: Loaded command: setup-welcome
2025-05-01T09:47:31.085Z [INFO]: Loaded command: status
2025-05-01T09:47:31.085Z [INFO]: Loaded command: unlock
2025-05-01T09:47:31.087Z [INFO]: Loaded command: play
2025-05-01T09:47:31.089Z [INFO]: Loaded command: ban
2025-05-01T09:47:31.091Z [INFO]: Loaded command: kick
2025-05-01T09:47:31.093Z [INFO]: Loaded command: mute
2025-05-01T09:47:31.094Z [INFO]: Loaded command: server-info
2025-05-01T09:47:31.096Z [INFO]: Loaded command: unban
2025-05-01T09:47:31.098Z [INFO]: Loaded command: unmute
2025-05-01T09:47:31.099Z [INFO]: Loaded command: user-info
2025-05-01T09:47:31.102Z [INFO]: Đang đăng ký 22 lệnh với Discord API...
2025-05-01T09:47:31.751Z [INFO]: Đã đăng ký thành công 22 lệnh với Discord API
2025-05-01T09:47:31.763Z [INFO]: Loaded event: guildMemberAdd
2025-05-01T09:47:31.765Z [INFO]: Loaded event: guildMemberRemove
2025-05-01T09:47:31.767Z [INFO]: Loaded event: messageReactionAdd
2025-05-01T09:47:31.771Z [INFO]: Loaded event: messageReactionRemove
2025-05-01T09:47:31.774Z [INFO]: Loaded event: ready
2025-05-01T09:47:31.778Z [INFO]: Loaded event: voiceStateUpdate
2025-05-01T09:47:31.779Z [INFO]: Total 6 events loaded.
2025-05-01T09:47:31.779Z [INFO]: Command handler initialized
2025-05-01T09:47:31.779Z [INFO]: Event handler initialized
2025-05-01T09:47:31.779Z [INFO]: Bot is starting...
2025-05-01T09:47:31.792Z [INFO]: Event file guildMemberAdd.js changed (change). Reloading events...
2025-05-01T09:47:31.793Z [INFO]: Event file guildMemberRemove.js changed (change). Reloading events...
2025-05-01T09:47:31.794Z [INFO]: Event file messageReactionAdd.js changed (change). Reloading events...
2025-05-01T09:47:31.794Z [INFO]: Event file messageReactionRemove.js changed (change). Reloading events...
2025-05-01T09:47:31.796Z [INFO]: Event file statsUpdater.js changed (change). Reloading events...
2025-05-01T09:47:31.797Z [INFO]: Event file voiceStateUpdate.js changed (change). Reloading events...
2025-05-01T09:47:31.897Z [INFO]: Loaded event: guildMemberAdd
2025-05-01T09:47:31.898Z [INFO]: Loaded event: guildMemberRemove
2025-05-01T09:47:31.898Z [INFO]: Loaded event: messageReactionAdd
2025-05-01T09:47:31.899Z [INFO]: Loaded event: messageReactionRemove
2025-05-01T09:47:31.899Z [INFO]: Loaded event: ready
2025-05-01T09:47:31.900Z [INFO]: Loaded event: voiceStateUpdate
2025-05-01T09:47:31.900Z [INFO]: Total 6 events loaded.
2025-05-01T09:47:31.901Z [INFO]: Events reloaded successfully.
2025-05-01T09:47:31.902Z [INFO]: Loaded event: guildMemberAdd
2025-05-01T09:47:31.902Z [INFO]: Loaded event: guildMemberRemove
2025-05-01T09:47:31.903Z [INFO]: Loaded event: messageReactionAdd
2025-05-01T09:47:31.903Z [INFO]: Loaded event: messageReactionRemove
2025-05-01T09:47:31.904Z [INFO]: Loaded event: ready
2025-05-01T09:47:31.905Z [INFO]: Loaded event: voiceStateUpdate
2025-05-01T09:47:31.905Z [INFO]: Total 6 events loaded.
2025-05-01T09:47:31.906Z [INFO]: Events reloaded successfully.
2025-05-01T09:47:31.907Z [INFO]: Loaded event: guildMemberAdd
2025-05-01T09:47:31.908Z [INFO]: Loaded event: guildMemberRemove
2025-05-01T09:47:31.909Z [INFO]: Loaded event: messageReactionAdd
2025-05-01T09:47:31.909Z [INFO]: Loaded event: messageReactionRemove
2025-05-01T09:47:31.910Z [INFO]: Loaded event: ready
2025-05-01T09:47:31.911Z [INFO]: Loaded event: voiceStateUpdate
2025-05-01T09:47:31.918Z [INFO]: Total 6 events loaded.
2025-05-01T09:47:31.918Z [INFO]: Events reloaded successfully.
2025-05-01T09:47:31.919Z [INFO]: Loaded event: guildMemberAdd
2025-05-01T09:47:31.920Z [INFO]: Loaded event: guildMemberRemove
2025-05-01T09:47:31.920Z [INFO]: Loaded event: messageReactionAdd
2025-05-01T09:47:31.921Z [INFO]: Loaded event: messageReactionRemove
2025-05-01T09:47:31.950Z [INFO]: Loaded event: ready
2025-05-01T09:47:31.953Z [INFO]: Loaded event: voiceStateUpdate
2025-05-01T09:47:31.957Z [INFO]: Total 6 events loaded.
2025-05-01T09:47:31.958Z [INFO]: Events reloaded successfully.
2025-05-01T09:47:31.959Z [INFO]: Loaded event: guildMemberAdd
2025-05-01T09:47:31.960Z [INFO]: Loaded event: guildMemberRemove
2025-05-01T09:47:31.960Z [INFO]: Loaded event: messageReactionAdd
2025-05-01T09:47:31.960Z [INFO]: Loaded event: messageReactionRemove
2025-05-01T09:47:31.961Z [INFO]: Loaded event: ready
2025-05-01T09:47:31.962Z [INFO]: Loaded event: voiceStateUpdate
2025-05-01T09:47:31.962Z [INFO]: Total 6 events loaded.
2025-05-01T09:47:31.963Z [INFO]: Events reloaded successfully.
2025-05-01T09:47:31.964Z [INFO]: Loaded event: guildMemberAdd
2025-05-01T09:47:31.965Z [INFO]: Loaded event: guildMemberRemove
2025-05-01T09:47:31.965Z [INFO]: Loaded event: messageReactionAdd
2025-05-01T09:47:31.966Z [INFO]: Loaded event: messageReactionRemove
2025-05-01T09:47:31.967Z [INFO]: Loaded event: ready
2025-05-01T09:47:31.968Z [INFO]: Loaded event: voiceStateUpdate
2025-05-01T09:47:31.968Z [INFO]: Total 6 events loaded.
2025-05-01T09:47:31.968Z [INFO]: Events reloaded successfully.
2025-05-01T09:47:32.849Z [INFO]: Bot logged in as Machine Lux#4690
2025-05-01T09:48:38.238Z [INFO]: Loaded command: clear
2025-05-01T09:48:38.242Z [INFO]: Loaded command: disablecommand
2025-05-01T09:48:38.244Z [INFO]: Loaded command: list-bans
2025-05-01T09:48:38.245Z [INFO]: Loaded command: lock
2025-05-01T09:48:38.247Z [INFO]: Loaded command: refresh
2025-05-01T09:48:38.259Z [INFO]: Loaded command: setup-autorole
2025-05-01T09:48:38.260Z [INFO]: Loaded command: setup-goodbye
2025-05-01T09:48:38.262Z [INFO]: Loaded command: setup-log
2025-05-01T09:48:38.264Z [INFO]: Loaded command: setup-role-channel
2025-05-01T09:48:38.265Z [INFO]: Loaded command: setup-rule
2025-05-01T09:48:38.267Z [INFO]: Loaded command: setup-stats-channel
2025-05-01T09:48:38.268Z [INFO]: Loaded command: setup-welcome
2025-05-01T09:48:38.270Z [INFO]: Loaded command: status
2025-05-01T09:48:38.272Z [INFO]: Loaded command: unlock
2025-05-01T09:48:38.273Z [INFO]: Loaded command: play
2025-05-01T09:48:38.276Z [INFO]: Loaded command: ban
2025-05-01T09:48:38.277Z [INFO]: Loaded command: kick
2025-05-01T09:48:38.279Z [INFO]: Loaded command: mute
2025-05-01T09:48:38.280Z [INFO]: Loaded command: server-info
2025-05-01T09:48:38.282Z [INFO]: Loaded command: unban
2025-05-01T09:48:38.284Z [INFO]: Loaded command: unmute
2025-05-01T09:48:38.285Z [INFO]: Loaded command: user-info
2025-05-01T09:48:38.289Z [INFO]: Đang đăng ký 22 lệnh với Discord API...
2025-05-01T09:48:38.884Z [INFO]: Đã đăng ký thành công 22 lệnh với Discord API
2025-05-01T09:48:38.889Z [INFO]: Loaded event: guildMemberAdd
2025-05-01T09:48:38.891Z [INFO]: Loaded event: guildMemberRemove
2025-05-01T09:48:38.892Z [INFO]: Loaded event: messageReactionAdd
2025-05-01T09:48:38.894Z [INFO]: Loaded event: messageReactionRemove
2025-05-01T09:48:38.896Z [INFO]: Loaded event: ready
2025-05-01T09:48:38.898Z [INFO]: Loaded event: voiceStateUpdate
2025-05-01T09:48:38.898Z [INFO]: Total 6 events loaded.
2025-05-01T09:48:38.899Z [INFO]: Command handler initialized
2025-05-01T09:48:38.899Z [INFO]: Event handler initialized
2025-05-01T09:48:38.899Z [INFO]: Bot is starting...
2025-05-01T09:48:41.188Z [INFO]: Bot logged in as Machine Lux#4690
2025-05-01T09:48:41.526Z [INFO]: Bot is ready as Machine Lux#4690
2025-05-01T16:20:14.261Z [INFO]: Loaded command: clear
2025-05-01T16:20:14.265Z [INFO]: Loaded command: disablecommand
2025-05-01T16:20:14.267Z [INFO]: Loaded command: list-bans
2025-05-01T16:20:14.268Z [INFO]: Loaded command: lock
2025-05-01T16:20:14.271Z [INFO]: Loaded command: refresh
2025-05-01T16:20:14.288Z [INFO]: Loaded command: setup-autorole
2025-05-01T16:20:14.289Z [INFO]: Loaded command: setup-goodbye
2025-05-01T16:20:14.290Z [INFO]: Loaded command: setup-log
2025-05-01T16:20:14.292Z [INFO]: Loaded command: setup-role-channel
2025-05-01T16:20:14.294Z [INFO]: Loaded command: setup-rule
2025-05-01T16:20:14.296Z [INFO]: Loaded command: setup-stats-channel
2025-05-01T16:20:14.298Z [INFO]: Loaded command: setup-welcome
2025-05-01T16:20:14.299Z [INFO]: Loaded command: status
2025-05-01T16:20:14.301Z [INFO]: Loaded command: unlock
2025-05-01T16:20:14.303Z [INFO]: Loaded command: play
2025-05-01T16:20:14.306Z [INFO]: Loaded command: ban
2025-05-01T16:20:14.309Z [INFO]: Loaded command: kick
2025-05-01T16:20:14.314Z [INFO]: Loaded command: mute
2025-05-01T16:20:14.317Z [INFO]: Loaded command: server-info
2025-05-01T16:20:14.320Z [INFO]: Loaded command: unban
2025-05-01T16:20:14.324Z [INFO]: Loaded command: unmute
2025-05-01T16:20:14.326Z [INFO]: Loaded command: user-info
2025-05-01T16:20:14.331Z [INFO]: Đang đăng ký 22 lệnh với Discord API...
2025-05-01T16:20:14.895Z [INFO]: Đã đăng ký thành công 22 lệnh với Discord API
2025-05-01T16:20:14.899Z [INFO]: Loaded event: guildMemberAdd
2025-05-01T16:20:14.901Z [INFO]: Loaded event: guildMemberRemove
2025-05-01T16:20:14.902Z [INFO]: Loaded event: messageReactionAdd
2025-05-01T16:20:14.904Z [INFO]: Loaded event: messageReactionRemove
2025-05-01T16:20:14.905Z [INFO]: Loaded event: ready
2025-05-01T16:20:14.907Z [INFO]: Loaded event: voiceStateUpdate
2025-05-01T16:20:14.907Z [INFO]: Total 6 events loaded.
2025-05-01T16:20:14.907Z [INFO]: Command handler initialized
2025-05-01T16:20:14.907Z [INFO]: Event handler initialized
2025-05-01T16:20:14.907Z [INFO]: Bot is starting...
2025-05-01T16:20:14.917Z [INFO]: Event file guildMemberAdd.js changed (change). Reloading events...
2025-05-01T16:20:14.918Z [INFO]: Event file guildMemberRemove.js changed (change). Reloading events...
2025-05-01T16:20:14.919Z [INFO]: Event file messageReactionAdd.js changed (change). Reloading events...
2025-05-01T16:20:14.919Z [INFO]: Event file messageReactionRemove.js changed (change). Reloading events...
2025-05-01T16:20:14.920Z [INFO]: Event file voiceStateUpdate.js changed (change). Reloading events...
2025-05-01T16:20:15.025Z [INFO]: Loaded event: guildMemberAdd
2025-05-01T16:20:15.025Z [INFO]: Loaded event: guildMemberRemove
2025-05-01T16:20:15.026Z [INFO]: Loaded event: messageReactionAdd
2025-05-01T16:20:15.026Z [INFO]: Loaded event: messageReactionRemove
2025-05-01T16:20:15.026Z [INFO]: Loaded event: ready
2025-05-01T16:20:15.027Z [INFO]: Loaded event: voiceStateUpdate
2025-05-01T16:20:15.027Z [INFO]: Total 6 events loaded.
2025-05-01T16:20:15.027Z [INFO]: Events reloaded successfully.
2025-05-01T16:20:15.028Z [INFO]: Loaded event: guildMemberAdd
2025-05-01T16:20:15.028Z [INFO]: Loaded event: guildMemberRemove
2025-05-01T16:20:15.028Z [INFO]: Loaded event: messageReactionAdd
2025-05-01T16:20:15.029Z [INFO]: Loaded event: messageReactionRemove
2025-05-01T16:20:15.029Z [INFO]: Loaded event: ready
2025-05-01T16:20:15.030Z [INFO]: Loaded event: voiceStateUpdate
2025-05-01T16:20:15.030Z [INFO]: Total 6 events loaded.
2025-05-01T16:20:15.030Z [INFO]: Events reloaded successfully.
2025-05-01T16:20:15.031Z [INFO]: Loaded event: guildMemberAdd
2025-05-01T16:20:15.031Z [INFO]: Loaded event: guildMemberRemove
2025-05-01T16:20:15.032Z [INFO]: Loaded event: messageReactionAdd
2025-05-01T16:20:15.032Z [INFO]: Loaded event: messageReactionRemove
2025-05-01T16:20:15.033Z [INFO]: Loaded event: ready
2025-05-01T16:20:15.033Z [INFO]: Loaded event: voiceStateUpdate
2025-05-01T16:20:15.034Z [INFO]: Total 6 events loaded.
2025-05-01T16:20:15.034Z [INFO]: Events reloaded successfully.
2025-05-01T16:20:15.034Z [INFO]: Loaded event: guildMemberAdd
2025-05-01T16:20:15.035Z [INFO]: Loaded event: guildMemberRemove
2025-05-01T16:20:15.035Z [INFO]: Loaded event: messageReactionAdd
2025-05-01T16:20:15.036Z [INFO]: Loaded event: messageReactionRemove
2025-05-01T16:20:15.037Z [INFO]: Loaded event: ready
2025-05-01T16:20:15.038Z [INFO]: Loaded event: voiceStateUpdate
2025-05-01T16:20:15.038Z [INFO]: Total 6 events loaded.
2025-05-01T16:20:15.038Z [INFO]: Events reloaded successfully.
2025-05-01T16:20:15.038Z [INFO]: Loaded event: guildMemberAdd
2025-05-01T16:20:15.039Z [INFO]: Loaded event: guildMemberRemove
2025-05-01T16:20:15.039Z [INFO]: Loaded event: messageReactionAdd
2025-05-01T16:20:15.039Z [INFO]: Loaded event: messageReactionRemove
2025-05-01T16:20:15.039Z [INFO]: Loaded event: ready
2025-05-01T16:20:15.040Z [INFO]: Loaded event: voiceStateUpdate
2025-05-01T16:20:15.040Z [INFO]: Total 6 events loaded.
2025-05-01T16:20:15.040Z [INFO]: Events reloaded successfully.
2025-05-01T16:20:15.981Z [INFO]: Bot logged in as Machine Lux#4690
2025-05-01T16:21:10.112Z [ERROR]: Client error: Cannot read properties of undefined (reading 'get')
2025-05-01T16:21:10.114Z [ERROR]: WebSocket error: Cannot read properties of undefined (reading 'get')
2025-05-01T16:22:52.496Z [ERROR]: Client error: Cannot read properties of undefined (reading 'get')
2025-05-01T16:22:52.496Z [ERROR]: WebSocket error: Cannot read properties of undefined (reading 'get')
2025-05-01T16:23:05.987Z [INFO]: Loaded command: clear
2025-05-01T16:23:05.991Z [INFO]: Loaded command: disablecommand
2025-05-01T16:23:05.993Z [INFO]: Loaded command: list-bans
2025-05-01T16:23:05.995Z [INFO]: Loaded command: lock
2025-05-01T16:23:05.997Z [INFO]: Loaded command: refresh
2025-05-01T16:23:06.007Z [INFO]: Loaded command: setup-autorole
2025-05-01T16:23:06.009Z [INFO]: Loaded command: setup-goodbye
2025-05-01T16:23:06.010Z [INFO]: Loaded command: setup-log
2025-05-01T16:23:06.011Z [INFO]: Loaded command: setup-role-channel
2025-05-01T16:23:06.012Z [INFO]: Loaded command: setup-rule
2025-05-01T16:23:06.013Z [INFO]: Loaded command: setup-stats-channel
2025-05-01T16:23:06.015Z [INFO]: Loaded command: setup-welcome
2025-05-01T16:23:06.015Z [INFO]: Loaded command: status
2025-05-01T16:23:06.017Z [INFO]: Loaded command: unlock
2025-05-01T16:23:06.018Z [INFO]: Loaded command: play
2025-05-01T16:23:06.019Z [INFO]: Loaded command: ban
2025-05-01T16:23:06.021Z [INFO]: Loaded command: kick
2025-05-01T16:23:06.022Z [INFO]: Loaded command: mute
2025-05-01T16:23:06.023Z [INFO]: Loaded command: server-info
2025-05-01T16:23:06.025Z [INFO]: Loaded command: unban
2025-05-01T16:23:06.027Z [INFO]: Loaded command: unmute
2025-05-01T16:23:06.028Z [INFO]: Loaded command: user-info
2025-05-01T16:23:06.031Z [INFO]: Đang đăng ký 22 lệnh với Discord API...
2025-05-01T16:23:07.977Z [INFO]: Đã đăng ký thành công 22 lệnh với Discord API
2025-05-01T16:23:07.983Z [INFO]: Loaded event: guildMemberAdd
2025-05-01T16:23:07.984Z [INFO]: Loaded event: guildMemberRemove
2025-05-01T16:23:07.986Z [INFO]: Loaded event: messageReactionAdd
2025-05-01T16:23:07.987Z [INFO]: Loaded event: messageReactionRemove
2025-05-01T16:23:07.989Z [INFO]: Loaded event: ready
2025-05-01T16:23:07.992Z [INFO]: Loaded event: voiceStateUpdate
2025-05-01T16:23:07.992Z [INFO]: Total 6 events loaded.
2025-05-01T16:23:07.992Z [INFO]: Command handler initialized
2025-05-01T16:23:07.993Z [INFO]: Event handler initialized
2025-05-01T16:23:07.993Z [INFO]: Bot is starting...
2025-05-01T16:23:09.058Z [INFO]: Bot logged in as Machine Lux#4690
2025-05-01T16:23:09.328Z [INFO]: Bot is ready as Machine Lux#4690
2025-05-02T02:59:06.800Z [INFO]: Loaded command: clear
2025-05-02T02:59:06.812Z [INFO]: Loaded command: disablecommand
2025-05-02T02:59:06.814Z [INFO]: Loaded command: list-bans
2025-05-02T02:59:06.815Z [INFO]: Loaded command: lock
2025-05-02T02:59:06.817Z [INFO]: Loaded command: refresh
2025-05-02T02:59:06.828Z [INFO]: Loaded command: setup-autorole
2025-05-02T02:59:06.830Z [INFO]: Loaded command: setup-goodbye
2025-05-02T02:59:06.831Z [INFO]: Loaded command: setup-log
2025-05-02T02:59:06.833Z [INFO]: Loaded command: setup-role-channel
2025-05-02T02:59:06.834Z [INFO]: Loaded command: setup-rule
2025-05-02T02:59:06.837Z [INFO]: Loaded command: setup-stats-channel
2025-05-02T02:59:06.838Z [INFO]: Loaded command: setup-welcome
2025-05-02T02:59:06.839Z [INFO]: Loaded command: status
2025-05-02T02:59:06.840Z [INFO]: Loaded command: unlock
2025-05-02T02:59:06.842Z [INFO]: Loaded command: play
2025-05-02T02:59:06.844Z [INFO]: Loaded command: avatar
2025-05-02T02:59:06.845Z [INFO]: Loaded command: ban
2025-05-02T02:59:06.846Z [INFO]: Loaded command: kick
2025-05-02T02:59:06.848Z [INFO]: Loaded command: mute
2025-05-02T02:59:06.850Z [INFO]: Loaded command: ping
2025-05-02T02:59:06.856Z [ERROR]: Error loading command search.js: Cannot find module 'axios'
Require stack:
- C:\bott3\src\commands\utility\search.js
- C:\bott3\src\handlers\commandHandler.js
- C:\bott3\src\index.js
2025-05-02T02:59:06.858Z [INFO]: Loaded command: server-info
2025-05-02T02:59:07.262Z [INFO]: Loaded command: translate
2025-05-02T02:59:07.263Z [INFO]: Loaded command: unban
2025-05-02T02:59:07.266Z [INFO]: Loaded command: unmute
2025-05-02T02:59:07.267Z [INFO]: Loaded command: user-info
2025-05-02T02:59:07.270Z [INFO]: Đang đăng ký 25 lệnh với Discord API...
2025-05-02T02:59:07.961Z [INFO]: Đã đăng ký thành công 25 lệnh với Discord API
2025-05-02T02:59:07.964Z [INFO]: Loaded event: guildMemberAdd
2025-05-02T02:59:07.965Z [INFO]: Loaded event: guildMemberRemove
2025-05-02T02:59:07.966Z [INFO]: Loaded event: messageReactionAdd
2025-05-02T02:59:07.968Z [INFO]: Loaded event: messageReactionRemove
2025-05-02T02:59:07.969Z [INFO]: Loaded event: ready
2025-05-02T02:59:07.970Z [INFO]: Loaded event: voiceStateUpdate
2025-05-02T02:59:07.971Z [INFO]: Total 6 events loaded.
2025-05-02T02:59:07.971Z [INFO]: Command handler initialized
2025-05-02T02:59:07.971Z [INFO]: Event handler initialized
2025-05-02T02:59:07.971Z [INFO]: Bot is starting...
2025-05-02T02:59:07.980Z [INFO]: Event file guildMemberAdd.js changed (change). Reloading events...
2025-05-02T02:59:07.981Z [INFO]: Event file guildMemberRemove.js changed (change). Reloading events...
2025-05-02T02:59:07.983Z [INFO]: Event file messageReactionAdd.js changed (change). Reloading events...
2025-05-02T02:59:07.983Z [INFO]: Event file messageReactionRemove.js changed (change). Reloading events...
2025-05-02T02:59:07.984Z [INFO]: Event file statsUpdater.js changed (change). Reloading events...
2025-05-02T02:59:07.985Z [INFO]: Event file voiceStateUpdate.js changed (change). Reloading events...
2025-05-02T02:59:08.082Z [INFO]: Loaded event: guildMemberAdd
2025-05-02T02:59:08.083Z [INFO]: Loaded event: guildMemberRemove
2025-05-02T02:59:08.083Z [INFO]: Loaded event: messageReactionAdd
2025-05-02T02:59:08.083Z [INFO]: Loaded event: messageReactionRemove
2025-05-02T02:59:08.084Z [INFO]: Loaded event: ready
2025-05-02T02:59:08.085Z [INFO]: Loaded event: voiceStateUpdate
2025-05-02T02:59:08.085Z [INFO]: Total 6 events loaded.
2025-05-02T02:59:08.085Z [INFO]: Events reloaded successfully.
2025-05-02T02:59:08.086Z [INFO]: Loaded event: guildMemberAdd
2025-05-02T02:59:08.086Z [INFO]: Loaded event: guildMemberRemove
2025-05-02T02:59:08.086Z [INFO]: Loaded event: messageReactionAdd
2025-05-02T02:59:08.087Z [INFO]: Loaded event: messageReactionRemove
2025-05-02T02:59:08.087Z [INFO]: Loaded event: ready
2025-05-02T02:59:08.088Z [INFO]: Loaded event: voiceStateUpdate
2025-05-02T02:59:08.088Z [INFO]: Total 6 events loaded.
2025-05-02T02:59:08.088Z [INFO]: Events reloaded successfully.
2025-05-02T02:59:08.089Z [INFO]: Loaded event: guildMemberAdd
2025-05-02T02:59:08.089Z [INFO]: Loaded event: guildMemberRemove
2025-05-02T02:59:08.090Z [INFO]: Loaded event: messageReactionAdd
2025-05-02T02:59:08.090Z [INFO]: Loaded event: messageReactionRemove
2025-05-02T02:59:08.091Z [INFO]: Loaded event: ready
2025-05-02T02:59:08.092Z [INFO]: Loaded event: voiceStateUpdate
2025-05-02T02:59:08.092Z [INFO]: Total 6 events loaded.
2025-05-02T02:59:08.093Z [INFO]: Events reloaded successfully.
2025-05-02T02:59:08.093Z [INFO]: Loaded event: guildMemberAdd
2025-05-02T02:59:08.094Z [INFO]: Loaded event: guildMemberRemove
2025-05-02T02:59:08.095Z [INFO]: Loaded event: messageReactionAdd
2025-05-02T02:59:08.095Z [INFO]: Loaded event: messageReactionRemove
2025-05-02T02:59:08.096Z [INFO]: Loaded event: ready
2025-05-02T02:59:08.096Z [INFO]: Loaded event: voiceStateUpdate
2025-05-02T02:59:08.096Z [INFO]: Total 6 events loaded.
2025-05-02T02:59:08.097Z [INFO]: Events reloaded successfully.
2025-05-02T02:59:08.097Z [INFO]: Loaded event: guildMemberAdd
2025-05-02T02:59:08.098Z [INFO]: Loaded event: guildMemberRemove
2025-05-02T02:59:08.098Z [INFO]: Loaded event: messageReactionAdd
2025-05-02T02:59:08.099Z [INFO]: Loaded event: messageReactionRemove
2025-05-02T02:59:08.100Z [INFO]: Loaded event: ready
2025-05-02T02:59:08.101Z [INFO]: Loaded event: voiceStateUpdate
2025-05-02T02:59:08.101Z [INFO]: Total 6 events loaded.
2025-05-02T02:59:08.101Z [INFO]: Events reloaded successfully.
2025-05-02T02:59:08.102Z [INFO]: Loaded event: guildMemberAdd
2025-05-02T02:59:08.102Z [INFO]: Loaded event: guildMemberRemove
2025-05-02T02:59:08.103Z [INFO]: Loaded event: messageReactionAdd
2025-05-02T02:59:08.103Z [INFO]: Loaded event: messageReactionRemove
2025-05-02T02:59:08.103Z [INFO]: Loaded event: ready
2025-05-02T02:59:08.104Z [INFO]: Loaded event: voiceStateUpdate
2025-05-02T02:59:08.104Z [INFO]: Total 6 events loaded.
2025-05-02T02:59:08.104Z [INFO]: Events reloaded successfully.
2025-05-02T02:59:09.065Z [INFO]: Bot logged in as Machine Lux#4690
2025-05-02T04:16:12.708Z [INFO]: Loaded command: clear
2025-05-02T04:16:12.714Z [INFO]: Loaded command: disablecommand
2025-05-02T04:16:12.718Z [INFO]: Loaded command: list-bans
2025-05-02T04:16:12.719Z [INFO]: Loaded command: lock
2025-05-02T04:16:12.728Z [INFO]: Loaded command: refresh
2025-05-02T04:16:12.758Z [INFO]: Loaded command: setup-autorole
2025-05-02T04:16:12.761Z [INFO]: Loaded command: setup-goodbye
2025-05-02T04:16:12.764Z [INFO]: Loaded command: setup-log
2025-05-02T04:16:12.768Z [INFO]: Loaded command: setup-role-channel
2025-05-02T04:16:12.772Z [INFO]: Loaded command: setup-rule
2025-05-02T04:16:12.775Z [INFO]: Loaded command: setup-stats-channel
2025-05-02T04:16:12.777Z [INFO]: Loaded command: setup-welcome
2025-05-02T04:16:12.781Z [INFO]: Loaded command: status
2025-05-02T04:16:12.782Z [INFO]: Loaded command: unlock
2025-05-02T04:16:12.786Z [INFO]: Loaded command: play
2025-05-02T04:16:12.789Z [INFO]: Loaded command: avatar
2025-05-02T04:16:12.792Z [INFO]: Loaded command: ban
2025-05-02T04:16:12.797Z [INFO]: Loaded command: help
2025-05-02T04:16:12.802Z [INFO]: Loaded command: kick
2025-05-02T04:16:12.807Z [INFO]: Loaded command: mute
2025-05-02T04:16:12.810Z [INFO]: Loaded command: ping
2025-05-02T04:16:12.920Z [INFO]: Loaded command: search
2025-05-02T04:16:12.922Z [INFO]: Loaded command: server-info
2025-05-02T04:16:12.925Z [INFO]: Loaded command: unban
2025-05-02T04:16:12.929Z [INFO]: Loaded command: unmute
2025-05-02T04:16:12.939Z [INFO]: Loaded command: user-info
2025-05-02T04:16:12.946Z [INFO]: Đang đăng ký 26 lệnh với Discord API...
2025-05-02T04:16:13.699Z [INFO]: Đã đăng ký thành công 26 lệnh với Discord API
2025-05-02T04:16:13.704Z [INFO]: Loaded event: guildMemberAdd
2025-05-02T04:16:13.706Z [INFO]: Loaded event: guildMemberRemove
2025-05-02T04:16:13.707Z [INFO]: Loaded event: messageReactionAdd
2025-05-02T04:16:13.709Z [INFO]: Loaded event: messageReactionRemove
2025-05-02T04:16:13.710Z [INFO]: Loaded event: ready
2025-05-02T04:16:13.713Z [INFO]: Loaded event: voiceStateUpdate
2025-05-02T04:16:13.713Z [INFO]: Total 6 events loaded.
2025-05-02T04:16:13.714Z [INFO]: Command handler initialized
2025-05-02T04:16:13.714Z [INFO]: Event handler initialized
2025-05-02T04:16:13.714Z [INFO]: Bot is starting...
2025-05-02T04:16:13.724Z [INFO]: Event file guildMemberAdd.js changed (change). Reloading events...
2025-05-02T04:16:13.726Z [INFO]: Event file guildMemberRemove.js changed (change). Reloading events...
2025-05-02T04:16:13.727Z [INFO]: Event file messageReactionAdd.js changed (change). Reloading events...
2025-05-02T04:16:13.728Z [INFO]: Event file messageReactionRemove.js changed (change). Reloading events...
2025-05-02T04:16:13.736Z [INFO]: Event file statsUpdater.js changed (change). Reloading events...
2025-05-02T04:16:13.738Z [INFO]: Event file voiceStateUpdate.js changed (change). Reloading events...
2025-05-02T04:16:13.829Z [INFO]: Loaded event: guildMemberAdd
2025-05-02T04:16:13.832Z [INFO]: Loaded event: guildMemberRemove
2025-05-02T04:16:13.833Z [INFO]: Loaded event: messageReactionAdd
2025-05-02T04:16:13.834Z [INFO]: Loaded event: messageReactionRemove
2025-05-02T04:16:13.835Z [INFO]: Loaded event: ready
2025-05-02T04:16:13.837Z [INFO]: Loaded event: voiceStateUpdate
2025-05-02T04:16:13.837Z [INFO]: Total 6 events loaded.
2025-05-02T04:16:13.838Z [INFO]: Events reloaded successfully.
2025-05-02T04:16:13.840Z [INFO]: Loaded event: guildMemberAdd
2025-05-02T04:16:13.841Z [INFO]: Loaded event: guildMemberRemove
2025-05-02T04:16:13.842Z [INFO]: Loaded event: messageReactionAdd
2025-05-02T04:16:13.844Z [INFO]: Loaded event: messageReactionRemove
2025-05-02T04:16:13.845Z [INFO]: Loaded event: ready
2025-05-02T04:16:13.848Z [INFO]: Loaded event: voiceStateUpdate
2025-05-02T04:16:13.848Z [INFO]: Total 6 events loaded.
2025-05-02T04:16:13.849Z [INFO]: Events reloaded successfully.
2025-05-02T04:16:13.851Z [INFO]: Loaded event: guildMemberAdd
2025-05-02T04:16:13.852Z [INFO]: Loaded event: guildMemberRemove
2025-05-02T04:16:13.853Z [INFO]: Loaded event: messageReactionAdd
2025-05-02T04:16:13.854Z [INFO]: Loaded event: messageReactionRemove
2025-05-02T04:16:13.855Z [INFO]: Loaded event: ready
2025-05-02T04:16:13.857Z [INFO]: Loaded event: voiceStateUpdate
2025-05-02T04:16:13.857Z [INFO]: Total 6 events loaded.
2025-05-02T04:16:13.858Z [INFO]: Events reloaded successfully.
2025-05-02T04:16:13.859Z [INFO]: Loaded event: guildMemberAdd
2025-05-02T04:16:13.860Z [INFO]: Loaded event: guildMemberRemove
2025-05-02T04:16:13.861Z [INFO]: Loaded event: messageReactionAdd
2025-05-02T04:16:13.864Z [INFO]: Loaded event: messageReactionRemove
2025-05-02T04:16:13.866Z [INFO]: Loaded event: ready
2025-05-02T04:16:13.867Z [INFO]: Loaded event: voiceStateUpdate
2025-05-02T04:16:13.868Z [INFO]: Total 6 events loaded.
2025-05-02T04:16:13.868Z [INFO]: Events reloaded successfully.
2025-05-02T04:16:13.870Z [INFO]: Loaded event: guildMemberAdd
2025-05-02T04:16:13.871Z [INFO]: Loaded event: guildMemberRemove
2025-05-02T04:16:13.872Z [INFO]: Loaded event: messageReactionAdd
2025-05-02T04:16:13.873Z [INFO]: Loaded event: messageReactionRemove
2025-05-02T04:16:13.874Z [INFO]: Loaded event: ready
2025-05-02T04:16:13.879Z [INFO]: Loaded event: voiceStateUpdate
2025-05-02T04:16:13.880Z [INFO]: Total 6 events loaded.
2025-05-02T04:16:13.886Z [INFO]: Events reloaded successfully.
2025-05-02T04:16:13.888Z [INFO]: Loaded event: guildMemberAdd
2025-05-02T04:16:13.892Z [INFO]: Loaded event: guildMemberRemove
2025-05-02T04:16:13.894Z [INFO]: Loaded event: messageReactionAdd
2025-05-02T04:16:13.897Z [INFO]: Loaded event: messageReactionRemove
2025-05-02T04:16:13.904Z [INFO]: Loaded event: ready
2025-05-02T04:16:13.908Z [INFO]: Loaded event: voiceStateUpdate
2025-05-02T04:16:13.908Z [INFO]: Total 6 events loaded.
2025-05-02T04:16:13.909Z [INFO]: Events reloaded successfully.
2025-05-02T04:16:14.811Z [INFO]: Bot logged in as Machine Lux#4690
2025-05-02T05:35:53.681Z [INFO]: Loaded command: change-prefix
2025-05-02T05:35:53.685Z [INFO]: Loaded command: clear
2025-05-02T05:35:53.687Z [INFO]: Loaded command: disablecommand
2025-05-02T05:35:53.688Z [INFO]: Loaded command: list-bans
2025-05-02T05:35:53.690Z [INFO]: Loaded command: lock
2025-05-02T05:35:53.694Z [INFO]: Loaded command: refresh
2025-05-02T05:35:53.695Z [INFO]: Loaded command: setup-autorole
2025-05-02T05:35:53.698Z [INFO]: Loaded command: setup-goodbye
2025-05-02T05:35:53.699Z [INFO]: Loaded command: setup-log
2025-05-02T05:35:53.701Z [INFO]: Loaded command: setup-role-channel
2025-05-02T05:35:53.703Z [INFO]: Loaded command: setup-rule
2025-05-02T05:35:53.705Z [INFO]: Loaded command: setup-stats-channel
2025-05-02T05:35:53.707Z [INFO]: Loaded command: setup-welcome
2025-05-02T05:35:53.708Z [INFO]: Loaded command: status
2025-05-02T05:35:53.709Z [INFO]: Loaded command: unlock
2025-05-02T05:35:53.711Z [INFO]: Loaded command: play
2025-05-02T05:35:53.713Z [INFO]: Loaded command: avatar
2025-05-02T05:35:53.714Z [INFO]: Loaded command: ban
2025-05-02T05:35:53.716Z [INFO]: Loaded command: help
2025-05-02T05:35:53.717Z [INFO]: Loaded command: kick
2025-05-02T05:35:53.720Z [INFO]: Loaded command: mute
2025-05-02T05:35:53.721Z [INFO]: Loaded command: ping
2025-05-02T05:35:53.802Z [INFO]: Loaded command: search
2025-05-02T05:35:53.803Z [INFO]: Loaded command: server-info
2025-05-02T05:35:53.805Z [INFO]: Loaded command: unban
2025-05-02T05:35:53.806Z [INFO]: Loaded command: unmute
2025-05-02T05:35:53.807Z [INFO]: Loaded command: user-info
2025-05-02T05:35:53.811Z [INFO]: Đang đăng ký 27 lệnh với Discord API...
2025-05-02T05:35:54.444Z [INFO]: Đã đăng ký thành công 27 lệnh với Discord API
2025-05-02T05:35:54.448Z [INFO]: Loaded event: guildMemberAdd
2025-05-02T05:35:54.449Z [INFO]: Loaded event: guildMemberRemove
2025-05-02T05:35:54.450Z [INFO]: Loaded event: messageReactionAdd
2025-05-02T05:35:54.452Z [INFO]: Loaded event: messageReactionRemove
2025-05-02T05:35:54.453Z [INFO]: Loaded event: ready
2025-05-02T05:35:54.455Z [INFO]: Loaded event: voiceStateUpdate
2025-05-02T05:35:54.455Z [INFO]: Total 6 events loaded.
2025-05-02T05:35:54.455Z [INFO]: Command handler initialized
2025-05-02T05:35:54.456Z [INFO]: Event handler initialized
2025-05-02T05:35:54.456Z [INFO]: Bot is starting...
2025-05-02T05:35:54.462Z [INFO]: Event file guildMemberAdd.js changed (change). Reloading events...
2025-05-02T05:35:54.463Z [INFO]: Event file guildMemberRemove.js changed (change). Reloading events...
2025-05-02T05:35:54.464Z [INFO]: Event file messageReactionAdd.js changed (change). Reloading events...
2025-05-02T05:35:54.464Z [INFO]: Event file messageReactionRemove.js changed (change). Reloading events...
2025-05-02T05:35:54.465Z [INFO]: Event file statsUpdater.js changed (change). Reloading events...
2025-05-02T05:35:54.466Z [INFO]: Event file voiceStateUpdate.js changed (change). Reloading events...
2025-05-02T05:35:54.577Z [INFO]: Loaded event: guildMemberAdd
2025-05-02T05:35:54.577Z [INFO]: Loaded event: guildMemberRemove
2025-05-02T05:35:54.578Z [INFO]: Loaded event: messageReactionAdd
2025-05-02T05:35:54.579Z [INFO]: Loaded event: messageReactionRemove
2025-05-02T05:35:54.579Z [INFO]: Loaded event: ready
2025-05-02T05:35:54.580Z [INFO]: Loaded event: voiceStateUpdate
2025-05-02T05:35:54.580Z [INFO]: Total 6 events loaded.
2025-05-02T05:35:54.580Z [INFO]: Events reloaded successfully.
2025-05-02T05:35:54.581Z [INFO]: Loaded event: guildMemberAdd
2025-05-02T05:35:54.581Z [INFO]: Loaded event: guildMemberRemove
2025-05-02T05:35:54.582Z [INFO]: Loaded event: messageReactionAdd
2025-05-02T05:35:54.582Z [INFO]: Loaded event: messageReactionRemove
2025-05-02T05:35:54.583Z [INFO]: Loaded event: ready
2025-05-02T05:35:54.583Z [INFO]: Loaded event: voiceStateUpdate
2025-05-02T05:35:54.584Z [INFO]: Total 6 events loaded.
2025-05-02T05:35:54.584Z [INFO]: Events reloaded successfully.
2025-05-02T05:35:54.584Z [INFO]: Loaded event: guildMemberAdd
2025-05-02T05:35:54.585Z [INFO]: Loaded event: guildMemberRemove
2025-05-02T05:35:54.586Z [INFO]: Loaded event: messageReactionAdd
2025-05-02T05:35:54.586Z [INFO]: Loaded event: messageReactionRemove
2025-05-02T05:35:54.587Z [INFO]: Loaded event: ready
2025-05-02T05:35:54.588Z [INFO]: Loaded event: voiceStateUpdate
2025-05-02T05:35:54.588Z [INFO]: Total 6 events loaded.
2025-05-02T05:35:54.588Z [INFO]: Events reloaded successfully.
2025-05-02T05:35:54.589Z [INFO]: Loaded event: guildMemberAdd
2025-05-02T05:35:54.589Z [INFO]: Loaded event: guildMemberRemove
2025-05-02T05:35:54.590Z [INFO]: Loaded event: messageReactionAdd
2025-05-02T05:35:54.590Z [INFO]: Loaded event: messageReactionRemove
2025-05-02T05:35:54.591Z [INFO]: Loaded event: ready
2025-05-02T05:35:54.591Z [INFO]: Loaded event: voiceStateUpdate
2025-05-02T05:35:54.591Z [INFO]: Total 6 events loaded.
2025-05-02T05:35:54.592Z [INFO]: Events reloaded successfully.
2025-05-02T05:35:54.592Z [INFO]: Loaded event: guildMemberAdd
2025-05-02T05:35:54.593Z [INFO]: Loaded event: guildMemberRemove
2025-05-02T05:35:54.594Z [INFO]: Loaded event: messageReactionAdd
2025-05-02T05:35:54.594Z [INFO]: Loaded event: messageReactionRemove
2025-05-02T05:35:54.595Z [INFO]: Loaded event: ready
2025-05-02T05:35:54.596Z [INFO]: Loaded event: voiceStateUpdate
2025-05-02T05:35:54.596Z [INFO]: Total 6 events loaded.
2025-05-02T05:35:54.596Z [INFO]: Events reloaded successfully.
2025-05-02T05:35:54.596Z [INFO]: Loaded event: guildMemberAdd
2025-05-02T05:35:54.597Z [INFO]: Loaded event: guildMemberRemove
2025-05-02T05:35:54.597Z [INFO]: Loaded event: messageReactionAdd
2025-05-02T05:35:54.598Z [INFO]: Loaded event: messageReactionRemove
2025-05-02T05:35:54.598Z [INFO]: Loaded event: ready
2025-05-02T05:35:54.599Z [INFO]: Loaded event: voiceStateUpdate
2025-05-02T05:35:54.599Z [INFO]: Total 6 events loaded.
2025-05-02T05:35:54.600Z [INFO]: Events reloaded successfully.
2025-05-02T05:35:55.525Z [INFO]: Bot logged in as Machine Lux#4690
2025-05-02T05:49:48.382Z [INFO]: Loaded command: change-prefix
2025-05-02T05:49:48.386Z [INFO]: Loaded command: clear
2025-05-02T05:49:48.388Z [INFO]: Loaded command: disablecommand
2025-05-02T05:49:48.389Z [INFO]: Loaded command: list-bans
2025-05-02T05:49:48.390Z [INFO]: Loaded command: lock
2025-05-02T05:49:48.393Z [INFO]: Loaded command: refresh
2025-05-02T05:49:48.394Z [INFO]: Loaded command: setup-autorole
2025-05-02T05:49:48.396Z [INFO]: Loaded command: setup-goodbye
2025-05-02T05:49:48.397Z [INFO]: Loaded command: setup-log
2025-05-02T05:49:48.399Z [INFO]: Loaded command: setup-role-channel
2025-05-02T05:49:48.400Z [INFO]: Loaded command: setup-rule
2025-05-02T05:49:48.402Z [INFO]: Loaded command: setup-stats-channel
2025-05-02T05:49:48.403Z [INFO]: Loaded command: setup-welcome
2025-05-02T05:49:48.404Z [INFO]: Loaded command: status
2025-05-02T05:49:48.405Z [INFO]: Loaded command: unlock
2025-05-02T05:49:48.407Z [INFO]: Loaded command: play
2025-05-02T05:49:48.408Z [INFO]: Loaded command: avatar
2025-05-02T05:49:48.410Z [INFO]: Loaded command: ban
2025-05-02T05:49:48.412Z [INFO]: Loaded command: help
2025-05-02T05:49:48.414Z [INFO]: Loaded command: kick
2025-05-02T05:49:48.416Z [INFO]: Loaded command: mute
2025-05-02T05:49:48.417Z [INFO]: Loaded command: ping
2025-05-02T05:49:48.470Z [INFO]: Loaded command: search
2025-05-02T05:49:48.471Z [INFO]: Loaded command: server-info
2025-05-02T05:49:48.472Z [INFO]: Loaded command: unban
2025-05-02T05:49:48.473Z [INFO]: Loaded command: unmute
2025-05-02T05:49:48.474Z [INFO]: Loaded command: user-info
2025-05-02T05:49:48.476Z [INFO]: Đang đăng ký 27 lệnh với Discord API...
2025-05-02T05:49:50.539Z [INFO]: Đã đăng ký thành công 27 lệnh với Discord API
2025-05-02T05:49:50.541Z [INFO]: Loaded event: guildMemberAdd
2025-05-02T05:49:50.542Z [INFO]: Loaded event: guildMemberRemove
2025-05-02T05:49:50.543Z [INFO]: Loaded event: messageReactionAdd
2025-05-02T05:49:50.543Z [INFO]: Loaded event: messageReactionRemove
2025-05-02T05:49:50.544Z [INFO]: Loaded event: ready
2025-05-02T05:49:50.545Z [INFO]: Loaded event: voiceStateUpdate
2025-05-02T05:49:50.545Z [INFO]: Total 6 events loaded.
2025-05-02T05:49:50.545Z [INFO]: Command handler initialized
2025-05-02T05:49:50.546Z [INFO]: Event handler initialized
2025-05-02T05:49:50.546Z [INFO]: Bot is starting...
2025-05-02T05:49:51.715Z [INFO]: Bot logged in as Machine Lux#4690
2025-05-02T05:49:52.568Z [INFO]: Bot is ready as Machine Lux#4690
2025-05-02T05:54:02.872Z [INFO]: Loaded command: change-prefix
2025-05-02T05:54:02.875Z [INFO]: Loaded command: clear
2025-05-02T05:54:02.877Z [INFO]: Loaded command: disablecommand
2025-05-02T05:54:02.878Z [INFO]: Loaded command: list-bans
2025-05-02T05:54:02.880Z [INFO]: Loaded command: lock
2025-05-02T05:54:02.883Z [INFO]: Loaded command: refresh
2025-05-02T05:54:02.885Z [INFO]: Loaded command: setup-autorole
2025-05-02T05:54:02.886Z [INFO]: Loaded command: setup-goodbye
2025-05-02T05:54:02.888Z [INFO]: Loaded command: setup-log
2025-05-02T05:54:02.890Z [INFO]: Loaded command: setup-role-channel
2025-05-02T05:54:02.892Z [INFO]: Loaded command: setup-rule
2025-05-02T05:54:02.894Z [INFO]: Loaded command: setup-stats-channel
2025-05-02T05:54:02.896Z [INFO]: Loaded command: setup-welcome
2025-05-02T05:54:02.898Z [INFO]: Loaded command: status
2025-05-02T05:54:02.899Z [INFO]: Loaded command: unlock
2025-05-02T05:54:02.902Z [INFO]: Loaded command: play
2025-05-02T05:54:02.903Z [INFO]: Loaded command: avatar
2025-05-02T05:54:02.905Z [INFO]: Loaded command: ban
2025-05-02T05:54:02.907Z [INFO]: Loaded command: help
2025-05-02T05:54:02.910Z [INFO]: Loaded command: kick
2025-05-02T05:54:02.914Z [INFO]: Loaded command: mute
2025-05-02T05:54:02.916Z [INFO]: Loaded command: ping
2025-05-02T05:54:03.017Z [INFO]: Loaded command: search
2025-05-02T05:54:03.018Z [INFO]: Loaded command: server-info
2025-05-02T05:54:03.019Z [INFO]: Loaded command: unban
2025-05-02T05:54:03.021Z [INFO]: Loaded command: unmute
2025-05-02T05:54:03.022Z [INFO]: Loaded command: user-info
2025-05-02T05:54:03.024Z [INFO]: Đang đăng ký 27 lệnh với Discord API...
2025-05-02T05:54:03.669Z [INFO]: Đã đăng ký thành công 27 lệnh với Discord API
2025-05-02T05:54:03.671Z [INFO]: Loaded event: guildMemberAdd
2025-05-02T05:54:03.672Z [INFO]: Loaded event: guildMemberRemove
2025-05-02T05:54:03.673Z [INFO]: Loaded event: messageReactionAdd
2025-05-02T05:54:03.674Z [INFO]: Loaded event: messageReactionRemove
2025-05-02T05:54:03.675Z [INFO]: Loaded event: ready
2025-05-02T05:54:03.676Z [INFO]: Loaded event: voiceStateUpdate
2025-05-02T05:54:03.676Z [INFO]: Total 6 events loaded.
2025-05-02T05:54:03.676Z [INFO]: Command handler initialized
2025-05-02T05:54:03.677Z [INFO]: Event handler initialized
2025-05-02T05:54:03.677Z [INFO]: Bot is starting...
2025-05-02T05:54:04.776Z [INFO]: Bot logged in as Machine Lux#4690
2025-05-02T05:54:05.477Z [INFO]: Bot is ready as Machine Lux#4690
2025-05-02T06:24:50.567Z [INFO]: Loaded command: change-prefix
2025-05-02T06:24:50.570Z [INFO]: Loaded command: clear
2025-05-02T06:24:50.573Z [INFO]: Loaded command: disablecommand
2025-05-02T06:24:50.574Z [INFO]: Loaded command: list-bans
2025-05-02T06:24:50.575Z [INFO]: Loaded command: lock
2025-05-02T06:24:50.578Z [INFO]: Loaded command: refresh
2025-05-02T06:24:50.580Z [INFO]: Loaded command: setup-autorole
2025-05-02T06:24:50.581Z [INFO]: Loaded command: setup-goodbye
2025-05-02T06:24:50.582Z [INFO]: Loaded command: setup-log
2025-05-02T06:24:50.584Z [INFO]: Loaded command: setup-role-channel
2025-05-02T06:24:50.586Z [INFO]: Loaded command: setup-rule
2025-05-02T06:24:50.587Z [INFO]: Loaded command: setup-stats-channel
2025-05-02T06:24:50.588Z [INFO]: Loaded command: setup-welcome
2025-05-02T06:24:50.589Z [INFO]: Loaded command: status
2025-05-02T06:24:50.591Z [INFO]: Loaded command: unlock
2025-05-02T06:24:50.592Z [INFO]: Loaded command: play
2025-05-02T06:24:50.594Z [INFO]: Loaded command: avatar
2025-05-02T06:24:50.595Z [INFO]: Loaded command: ban
2025-05-02T06:24:50.597Z [INFO]: Loaded command: help
2025-05-02T06:24:50.599Z [INFO]: Loaded command: kick
2025-05-02T06:24:50.601Z [INFO]: Loaded command: mute
2025-05-02T06:24:50.602Z [INFO]: Loaded command: ping
2025-05-02T06:24:50.653Z [INFO]: Loaded command: search
2025-05-02T06:24:50.654Z [INFO]: Loaded command: server-info
2025-05-02T06:24:50.655Z [INFO]: Loaded command: unban
2025-05-02T06:24:50.656Z [INFO]: Loaded command: unmute
2025-05-02T06:24:50.657Z [INFO]: Loaded command: user-info
2025-05-02T06:24:50.660Z [INFO]: Đang đăng ký 27 lệnh với Discord API...
2025-05-02T06:24:51.295Z [INFO]: Đã đăng ký thành công 27 lệnh với Discord API
2025-05-02T06:24:51.301Z [INFO]: Loaded event: guildMemberAdd
2025-05-02T06:24:51.304Z [INFO]: Loaded event: guildMemberRemove
2025-05-02T06:24:51.306Z [INFO]: Loaded event: messageReactionAdd
2025-05-02T06:24:51.308Z [INFO]: Loaded event: messageReactionRemove
2025-05-02T06:24:51.309Z [INFO]: Loaded event: ready
2025-05-02T06:24:51.312Z [INFO]: Loaded event: voiceStateUpdate
2025-05-02T06:24:51.312Z [INFO]: Total 6 events loaded.
2025-05-02T06:24:51.313Z [INFO]: Command handler initialized
2025-05-02T06:24:51.313Z [INFO]: Event handler initialized
2025-05-02T06:24:51.314Z [INFO]: Bot is starting...
2025-05-02T06:24:52.353Z [INFO]: Bot logged in as Machine Lux#4690
2025-05-02T06:24:53.211Z [INFO]: Bot is ready as Machine Lux#4690
2025-05-02T06:25:53.193Z [INFO]: Loaded command: change-prefix
2025-05-02T06:25:53.197Z [INFO]: Loaded command: clear
2025-05-02T06:25:53.198Z [INFO]: Loaded command: disablecommand
2025-05-02T06:25:53.200Z [INFO]: Loaded command: list-bans
2025-05-02T06:25:53.201Z [INFO]: Loaded command: lock
2025-05-02T06:25:53.203Z [INFO]: Loaded command: refresh
2025-05-02T06:25:53.205Z [INFO]: Loaded command: setup-autorole
2025-05-02T06:25:53.206Z [INFO]: Loaded command: setup-goodbye
2025-05-02T06:25:53.208Z [INFO]: Loaded command: setup-log
2025-05-02T06:25:53.209Z [INFO]: Loaded command: setup-role-channel
2025-05-02T06:25:53.211Z [INFO]: Loaded command: setup-rule
2025-05-02T06:25:53.213Z [INFO]: Loaded command: setup-stats-channel
2025-05-02T06:25:53.214Z [INFO]: Loaded command: setup-welcome
2025-05-02T06:25:53.215Z [INFO]: Loaded command: status
2025-05-02T06:25:53.216Z [INFO]: Loaded command: unlock
2025-05-02T06:25:53.218Z [INFO]: Loaded command: play
2025-05-02T06:25:53.220Z [INFO]: Loaded command: avatar
2025-05-02T06:25:53.221Z [INFO]: Loaded command: ban
2025-05-02T06:25:53.223Z [INFO]: Loaded command: help
2025-05-02T06:25:53.225Z [INFO]: Loaded command: kick
2025-05-02T06:25:53.227Z [INFO]: Loaded command: mute
2025-05-02T06:25:53.228Z [INFO]: Loaded command: ping
2025-05-02T06:25:53.280Z [INFO]: Loaded command: search
2025-05-02T06:25:53.281Z [INFO]: Loaded command: server-info
2025-05-02T06:25:53.282Z [INFO]: Loaded command: unban
2025-05-02T06:25:53.283Z [INFO]: Loaded command: unmute
2025-05-02T06:25:53.283Z [INFO]: Loaded command: user-info
2025-05-02T06:25:53.286Z [INFO]: Đang đăng ký 27 lệnh với Discord API...
2025-05-02T06:25:53.866Z [INFO]: Đã đăng ký thành công 27 lệnh với Discord API
2025-05-02T06:25:53.868Z [INFO]: Loaded event: guildMemberAdd
2025-05-02T06:25:53.869Z [INFO]: Loaded event: guildMemberRemove
2025-05-02T06:25:53.870Z [INFO]: Loaded event: messageReactionAdd
2025-05-02T06:25:53.871Z [INFO]: Loaded event: messageReactionRemove
2025-05-02T06:25:53.872Z [INFO]: Loaded event: ready
2025-05-02T06:25:53.873Z [INFO]: Loaded event: voiceStateUpdate
2025-05-02T06:25:53.873Z [INFO]: Total 6 events loaded.
2025-05-02T06:25:53.873Z [INFO]: Command handler initialized
2025-05-02T06:25:53.874Z [INFO]: Event handler initialized
2025-05-02T06:25:53.874Z [INFO]: Bot is starting...
2025-05-02T06:25:54.931Z [INFO]: Bot logged in as Machine Lux#4690
2025-05-02T06:25:55.772Z [INFO]: Bot is ready as Machine Lux#4690
2025-05-02T06:57:21.166Z [INFO]: Loaded command: change-prefix
2025-05-02T06:57:21.170Z [INFO]: Loaded command: clear
2025-05-02T06:57:21.172Z [INFO]: Loaded command: disablecommand
2025-05-02T06:57:21.173Z [INFO]: Loaded command: list-bans
2025-05-02T06:57:21.175Z [INFO]: Loaded command: lock
2025-05-02T06:57:21.178Z [INFO]: Loaded command: refresh
2025-05-02T06:57:21.179Z [INFO]: Loaded command: setup-autorole
2025-05-02T06:57:21.181Z [INFO]: Loaded command: setup-goodbye
2025-05-02T06:57:21.183Z [INFO]: Loaded command: setup-log
2025-05-02T06:57:21.185Z [INFO]: Loaded command: setup-role-channel
2025-05-02T06:57:21.187Z [INFO]: Loaded command: setup-rule
2025-05-02T06:57:21.189Z [INFO]: Loaded command: setup-stats-channel
2025-05-02T06:57:21.190Z [INFO]: Loaded command: setup-welcome
2025-05-02T06:57:21.192Z [INFO]: Loaded command: status
2025-05-02T06:57:21.193Z [INFO]: Loaded command: unlock
2025-05-02T06:57:21.198Z [INFO]: Loaded command: balance
2025-05-02T06:57:21.200Z [INFO]: Loaded command: bank
2025-05-02T06:57:21.201Z [INFO]: Loaded command: daily
2025-05-02T06:57:21.202Z [INFO]: Loaded command: pay
2025-05-02T06:57:21.204Z [INFO]: Loaded command: work
2025-05-02T06:57:21.205Z [INFO]: Loaded command: play
2025-05-02T06:57:21.207Z [INFO]: Loaded command: avatar
2025-05-02T06:57:21.209Z [INFO]: Loaded command: ban
2025-05-02T06:57:21.211Z [INFO]: Loaded command: help
2025-05-02T06:57:21.212Z [INFO]: Loaded command: kick
2025-05-02T06:57:21.214Z [INFO]: Loaded command: mute
2025-05-02T06:57:21.215Z [INFO]: Loaded command: ping
2025-05-02T06:57:21.293Z [INFO]: Loaded command: search
2025-05-02T06:57:21.294Z [INFO]: Loaded command: server-info
2025-05-02T06:57:21.295Z [INFO]: Loaded command: unban
2025-05-02T06:57:21.296Z [INFO]: Loaded command: unmute
2025-05-02T06:57:21.297Z [INFO]: Loaded command: user-info
2025-05-02T06:57:21.300Z [INFO]: Đang đăng ký 32 lệnh với Discord API...
2025-05-02T06:57:21.872Z [INFO]: Đã đăng ký thành công 32 lệnh với Discord API
2025-05-02T06:57:21.875Z [INFO]: Loaded event: guildMemberAdd
2025-05-02T06:57:21.876Z [INFO]: Loaded event: guildMemberRemove
2025-05-02T06:57:21.877Z [INFO]: Loaded event: messageReactionAdd
2025-05-02T06:57:21.878Z [INFO]: Loaded event: messageReactionRemove
2025-05-02T06:57:21.879Z [INFO]: Loaded event: ready
2025-05-02T06:57:21.881Z [INFO]: Loaded event: voiceStateUpdate
2025-05-02T06:57:21.881Z [INFO]: Total 6 events loaded.
2025-05-02T06:57:21.881Z [INFO]: Command handler initialized
2025-05-02T06:57:21.881Z [INFO]: Event handler initialized
2025-05-02T06:57:21.881Z [INFO]: Bot is starting...
2025-05-02T06:57:21.888Z [INFO]: Event file guildMemberAdd.js changed (change). Reloading events...
2025-05-02T06:57:21.888Z [INFO]: Event file guildMemberRemove.js changed (change). Reloading events...
2025-05-02T06:57:21.889Z [INFO]: Event file messageReactionAdd.js changed (change). Reloading events...
2025-05-02T06:57:21.890Z [INFO]: Event file messageReactionRemove.js changed (change). Reloading events...
2025-05-02T06:57:21.891Z [INFO]: Event file statsUpdater.js changed (change). Reloading events...
2025-05-02T06:57:21.891Z [INFO]: Event file voiceStateUpdate.js changed (change). Reloading events...
2025-05-02T06:57:22.004Z [INFO]: Loaded event: guildMemberAdd
2025-05-02T06:57:22.004Z [INFO]: Loaded event: guildMemberRemove
2025-05-02T06:57:22.004Z [INFO]: Loaded event: messageReactionAdd
2025-05-02T06:57:22.005Z [INFO]: Loaded event: messageReactionRemove
2025-05-02T06:57:22.005Z [INFO]: Loaded event: ready
2025-05-02T06:57:22.006Z [INFO]: Loaded event: voiceStateUpdate
2025-05-02T06:57:22.006Z [INFO]: Total 6 events loaded.
2025-05-02T06:57:22.006Z [INFO]: Events reloaded successfully.
2025-05-02T06:57:22.007Z [INFO]: Loaded event: guildMemberAdd
2025-05-02T06:57:22.007Z [INFO]: Loaded event: guildMemberRemove
2025-05-02T06:57:22.008Z [INFO]: Loaded event: messageReactionAdd
2025-05-02T06:57:22.008Z [INFO]: Loaded event: messageReactionRemove
2025-05-02T06:57:22.008Z [INFO]: Loaded event: ready
2025-05-02T06:57:22.009Z [INFO]: Loaded event: voiceStateUpdate
2025-05-02T06:57:22.009Z [INFO]: Total 6 events loaded.
2025-05-02T06:57:22.010Z [INFO]: Events reloaded successfully.
2025-05-02T06:57:22.010Z [INFO]: Loaded event: guildMemberAdd
2025-05-02T06:57:22.011Z [INFO]: Loaded event: guildMemberRemove
2025-05-02T06:57:22.011Z [INFO]: Loaded event: messageReactionAdd
2025-05-02T06:57:22.011Z [INFO]: Loaded event: messageReactionRemove
2025-05-02T06:57:22.012Z [INFO]: Loaded event: ready
2025-05-02T06:57:22.013Z [INFO]: Loaded event: voiceStateUpdate
2025-05-02T06:57:22.013Z [INFO]: Total 6 events loaded.
2025-05-02T06:57:22.013Z [INFO]: Events reloaded successfully.
2025-05-02T06:57:22.014Z [INFO]: Loaded event: guildMemberAdd
2025-05-02T06:57:22.015Z [INFO]: Loaded event: guildMemberRemove
2025-05-02T06:57:22.015Z [INFO]: Loaded event: messageReactionAdd
2025-05-02T06:57:22.016Z [INFO]: Loaded event: messageReactionRemove
2025-05-02T06:57:22.016Z [INFO]: Loaded event: ready
2025-05-02T06:57:22.017Z [INFO]: Loaded event: voiceStateUpdate
2025-05-02T06:57:22.017Z [INFO]: Total 6 events loaded.
2025-05-02T06:57:22.017Z [INFO]: Events reloaded successfully.
2025-05-02T06:57:22.018Z [INFO]: Loaded event: guildMemberAdd
2025-05-02T06:57:22.019Z [INFO]: Loaded event: guildMemberRemove
2025-05-02T06:57:22.020Z [INFO]: Loaded event: messageReactionAdd
2025-05-02T06:57:22.021Z [INFO]: Loaded event: messageReactionRemove
2025-05-02T06:57:22.021Z [INFO]: Loaded event: ready
2025-05-02T06:57:22.022Z [INFO]: Loaded event: voiceStateUpdate
2025-05-02T06:57:22.023Z [INFO]: Total 6 events loaded.
2025-05-02T06:57:22.023Z [INFO]: Events reloaded successfully.
2025-05-02T06:57:22.023Z [INFO]: Loaded event: guildMemberAdd
2025-05-02T06:57:22.025Z [INFO]: Loaded event: guildMemberRemove
2025-05-02T06:57:22.025Z [INFO]: Loaded event: messageReactionAdd
2025-05-02T06:57:22.026Z [INFO]: Loaded event: messageReactionRemove
2025-05-02T06:57:22.026Z [INFO]: Loaded event: ready
2025-05-02T06:57:22.027Z [INFO]: Loaded event: voiceStateUpdate
2025-05-02T06:57:22.027Z [INFO]: Total 6 events loaded.
2025-05-02T06:57:22.027Z [INFO]: Events reloaded successfully.
2025-05-02T06:57:22.998Z [INFO]: Bot logged in as Machine Lux#4690
